<VisioDocument xmlns="urn:schemas-microsoft-com:office:visio">
	<DocumentProperties>
		<Title>Facade</Title>
		<HyperlinkBase href=""></HyperlinkBase>
	</DocumentProperties>
	<Pages>
		<Page ID="0" Name="Static Structure-1" NameU="Static Structure-1">
			<Shapes>
				<Shape ID="1" UniqueID="{509A8469-D726-4CBD-AC12-6D09830DAA24}" Name="Package" NameU="Package" Master="22">
					<Text>org.sakaiproject.tool.assessment.data.ifc</Text>
					<XForm>
						<PinX Unit="IN">4.450000000000001</PinX>
						<PinY Unit="IN">9.250000000000000</PinY>
					</XForm>
				</Shape>
				<Shape ID="4" UniqueID="{0D11D781-007C-4BB1-867D-385F98FD08B2}" Name="Watermark Title" NameU="Watermark Title" Master="18">
					<Text>Static Structure</Text>
					<XForm>
						<PinX Unit="IN">0.000000000000000</PinX>
						<PinY Unit="IN">11.000000000000002</PinY>
					</XForm>
				</Shape>
				<Shape ID="5" UniqueID="{E8E42C6E-11CC-4E12-940D-F594C3E41ED5}" Name="Package.5" NameU="Package.5" Master="22">
					<Text>org.sakaiproject.tool.assessment.data.dao</Text>
					<XForm>
						<PinX Unit="IN">4.439694553201388</PinX>
						<PinY Unit="IN">7.649999999999999</PinY>
					</XForm>
				</Shape>
				<Shape ID="8" UniqueID="{72A45C38-48F8-496B-BCFA-6871A800E73A}" Name="Interface" NameU="Interface" Master="23">
					<Text>«interface»
Interface1</Text>
					<XForm>
						<PinX Unit="IN">5.574999999999999</PinX>
						<PinY Unit="IN">8.565277777777776</PinY>
					</XForm>
				</Shape>
				<Shape ID="11" UniqueID="{3AC21655-9060-4279-BC41-E78DE9245AD4}" Name="Interface .11" NameU="Interface .11" Master="23">
					<Text>«interface»
XXXDataIfc</Text>
					<XForm>
						<PinX Unit="IN">5.675000000000000</PinX>
						<PinY Unit="IN">8.462500000000000</PinY>
					</XForm>
				</Shape>
				<Shape ID="14" UniqueID="{A57D1C83-FF02-4223-97B1-AB613C81EF30}" Name="Class" NameU="Class" Master="24">
					<XForm>
						<PinX Unit="IN">5.600000000000000</PinX>
						<PinY Unit="IN">6.854166666666668</PinY>
					</XForm>
				</Shape>
				<Shape ID="21" UniqueID="{204368C6-DD49-4999-A186-4B25BE39578A}" Name="Name" NameU="Name">
					<Text>Class1</Text>
					<XForm>
						<PinX Unit="IN">0.375000000000000</PinX>
						<PinY Unit="IN">0.450000000000000</PinY>
					</XForm>
				</Shape>
				<Shape ID="23" UniqueID="{AEC0C662-6CD2-4F50-A244-4516FF3F3590}" Name="Class.23" NameU="Class.23" Master="24">
					<XForm>
						<PinX Unit="IN">5.700000000000000</PinX>
						<PinY Unit="IN">6.779166666666669</PinY>
					</XForm>
				</Shape>
				<Shape ID="28" UniqueID="{B807824F-5A61-4BDC-B008-A32B3B512531}" Name="Operations" NameU="Operations">
					<Text>+getAbc()</Text>
					<XForm>
						<PinX Unit="IN">0.375000000000000</PinX>
						<PinY Unit="IN">0.087500000000000</PinY>
					</XForm>
				</Shape>
				<Shape ID="30" UniqueID="{EA98583E-B1EA-4C12-A3BF-8B218ABDB024}" Name="Name" NameU="Name">
					<Text>XXXData</Text>
					<XForm>
						<PinX Unit="IN">0.375000000000000</PinX>
						<PinY Unit="IN">0.450000000000000</PinY>
					</XForm>
				</Shape>
				<Shape ID="32" UniqueID="{2BCB4286-67B1-46FE-B5A4-410A535CE67B}" Name="Generalization" NameU="Generalization" Master="26">
					<XForm>
						<PinX Unit="IN">5.687500000000000</PinX>
						<PinY Unit="IN">7.640972222222223</PinY>
					</XForm>
				</Shape>
				<Shape ID="34" UniqueID="{2A689D62-B140-45F4-9922-9175D3A4E1FF}" Name="Package.34" NameU="Package.34" Master="22">
					<Text>osid</Text>
					<XForm>
						<PinX Unit="IN">1.437500000000000</PinX>
						<PinY Unit="IN">9.387499999999998</PinY>
					</XForm>
				</Shape>
				<Shape ID="37" UniqueID="{D85E1AC3-9039-4DBF-A8C8-5CEC79821F20}" Name="Interface .37" NameU="Interface .37" Master="23">
					<Text>«interface»
XXX</Text>
					<XForm>
						<PinX Unit="IN">2.215679253972222</PinX>
						<PinY Unit="IN">8.765277777777778</PinY>
					</XForm>
				</Shape>
				<Shape ID="40" UniqueID="{0E1BAC12-35D2-4902-B4D8-1A1E5E99B95D}" Name="Interface .40" NameU="Interface .40" Master="23">
					<Text>«interface»
XXX</Text>
					<XForm>
						<PinX Unit="IN">2.328179253972222</PinX>
						<PinY Unit="IN">8.640277777777778</PinY>
					</XForm>
				</Shape>
				<Shape ID="43" UniqueID="{F9997F2B-F2E0-4ACD-B811-A1EA1F1014A3}" Name="Package.43" NameU="Package.43" Master="22">
					<Text>org.sakaiproject.tool.assessment.data.osid</Text>
					<XForm>
						<PinX Unit="IN">1.450000000000000</PinX>
						<PinY Unit="IN">7.688888888888890</PinY>
					</XForm>
				</Shape>
				<Shape ID="46" UniqueID="{754BEC7E-538A-4594-81BD-B705A2FC6EF7}" Name="Class.46" NameU="Class.46" Master="24">
					<XForm>
						<PinX Unit="IN">2.175911458083333</PinX>
						<PinY Unit="IN">6.877777777777776</PinY>
					</XForm>
				</Shape>
				<Shape ID="53" UniqueID="{3769499F-7806-4159-8E08-98ECF89B1867}" Name="Name" NameU="Name">
					<Text>«implementation class»
</Text>
					<XForm>
						<PinX Unit="IN">0.640679253972222</PinX>
						<PinY Unit="IN">0.497222222222222</PinY>
					</XForm>
				</Shape>
				<Shape ID="55" UniqueID="{80337930-2A31-443B-A461-838BE9E0EB86}" Name="Class.55" NameU="Class.55" Master="24">
					<XForm>
						<PinX Unit="IN">2.270339626986111</PinX>
						<PinY Unit="IN">6.699999999999999</PinY>
					</XForm>
				</Shape>
				<Shape ID="60" UniqueID="{A7D08BAD-E083-4CD6-A1AF-8F0EA1CF223D}" Name="Operations" NameU="Operations">
					<Text>+getData()</Text>
					<XForm>
						<PinX Unit="IN">0.594428168902778</PinX>
						<PinY Unit="IN">0.087500000000000</PinY>
					</XForm>
				</Shape>
				<Shape ID="62" UniqueID="{DA86DAA4-D710-4C08-BB08-24CDC7666222}" Name="Name" NameU="Name">
					<Text>«implementation class»
XXXImpl</Text>
					<XForm>
						<PinX Unit="IN">0.594428168902778</PinX>
						<PinY Unit="IN">0.497222222222222</PinY>
					</XForm>
				</Shape>
				<Shape ID="64" UniqueID="{F01EE423-E970-4CC6-89EB-41608ADA6AA9}" Name="Generalization.64" NameU="Generalization.64" Master="26">
					<XForm>
						<PinX Unit="IN">2.299259440479166</PinX>
						<PinY Unit="IN">7.713888888888889</PinY>
					</XForm>
				</Shape>
				<Shape ID="66" UniqueID="{B3986634-0B70-4D7D-854C-1430C0D83A74}" Name="Constraint" NameU="Constraint" Master="27">
					<XForm>
						<PinX Unit="IN">4.696191406750000</PinX>
						<PinY Unit="IN">5.949999999999999</PinY>
					</XForm>
				</Shape>
				<Shape ID="69" UniqueID="{1CEA62CB-F169-45EF-AD89-A144A830264A}" Name="Link" NameU="Link" Master="28">
					<XForm>
						<PinX Unit="IN">2.935169813493055</PinX>
						<PinY Unit="IN">6.188888888888888</PinY>
					</XForm>
				</Shape>
				<Shape ID="74" UniqueID="{80F0CDAB-751A-4802-8814-E6B44517561B}" Name="Link.74" NameU="Link.74" Master="28">
					<XForm>
						<PinX Unit="IN">4.962500000000000</PinX>
						<PinY Unit="IN">6.489583333333334</PinY>
					</XForm>
				</Shape>
				<Shape ID="79" UniqueID="{DF28036C-7623-410B-B389-66B26B68BD5B}" Name="Package.79" NameU="Package.79" Master="22">
					<Text>org.sakaiproject.tool.assessment.data.facade</Text>
					<XForm>
						<PinX Unit="IN">3.750000000000000</PinX>
						<PinY Unit="IN">3.450000000000000</PinY>
					</XForm>
				</Shape>
				<Shape ID="82" UniqueID="{25E58F31-35B2-450D-B4B8-A37BBAA0D60B}" Name="Class.82" NameU="Class.82" Master="24">
					<XForm>
						<PinX Unit="IN">3.755965169520833</PinX>
						<PinY Unit="IN">2.722222222222223</PinY>
					</XForm>
				</Shape>
				<Shape ID="87" UniqueID="{6FFDB9E1-4D8B-4B05-B81E-BAE874D0F425}" Name="Operations" NameU="Operations">
					<Text>+getAbc()</Text>
					<XForm>
						<PinX Unit="IN">1.555965169520833</PinX>
						<PinY Unit="IN">0.087500000000000</PinY>
					</XForm>
				</Shape>
				<Shape ID="89" UniqueID="{716F5D46-BB9C-4D40-8598-66F9CE83A2C7}" Name="Name" NameU="Name">
					<Text>«delegate»
XXXDataFacade</Text>
					<XForm>
						<PinX Unit="IN">1.555965169520833</PinX>
						<PinY Unit="IN">0.497222222222222</PinY>
					</XForm>
				</Shape>
				<Shape ID="91" UniqueID="{B896A49C-45BE-4AE5-A3EE-AFFC3F7C0F47}" Name="Note" NameU="Note" Master="29">
					<XForm>
						<PinX Unit="IN">3.800000000000000</PinX>
						<PinY Unit="IN">2.144444444444446</PinY>
					</XForm>
				</Shape>
				<Shape ID="94" UniqueID="{3E7692F8-2B04-4451-B92B-1EA5B2B48DB4}" Name="Link.94" NameU="Link.94" Master="28">
					<XForm>
						<PinX Unit="IN">5.701421441222222</PinX>
						<PinY Unit="IN">4.393055555555558</PinY>
					</XForm>
				</Shape>
				<Shape ID="99" UniqueID="{D5B6B3E7-2831-45AC-8138-E7777956C28B}" Name="Generalization.99" NameU="Generalization.99" Master="26">
					<XForm>
						<PinX Unit="IN">4.900000000000000</PinX>
						<PinY Unit="IN">6.056250000000000</PinY>
					</XForm>
				</Shape>
				<Shape ID="101" UniqueID="{229156E6-5524-4101-95DD-62C1ED6924BB}" Name="Note.101" NameU="Note.101" Master="29">
					<XForm>
						<PinX Unit="IN">2.203217230402777</PinX>
						<PinY Unit="IN">10.494444444444444</PinY>
					</XForm>
				</Shape>
			</Shapes>
		</Page>
		<Page ID="4" Name="Static Structure-2" NameU="Static Structure-2">
			<Shapes>
				<Shape ID="1" UniqueID="{2D8EF107-B854-4599-8C60-6B91A938006F}" Name="Watermark Title" NameU="Watermark Title" Master="18">
					<Text>Static Structure</Text>
					<XForm>
						<PinX Unit="IN">0.000000000000000</PinX>
						<PinY Unit="IN">11.000000000000002</PinY>
					</XForm>
				</Shape>
			</Shapes>
		</Page>
		<Page ID="5" Name="Static Structure-3" NameU="Static Structure-3">
			<Shapes>
				<Shape ID="1" UniqueID="{6AC57B70-0941-4A6C-8AD5-B75BA448C10E}" Name="Watermark Title" NameU="Watermark Title" Master="18">
					<Text>Static Structure</Text>
					<XForm>
						<PinX Unit="IN">0.000000000000000</PinX>
						<PinY Unit="IN">11.000000000000002</PinY>
					</XForm>
				</Shape>
			</Shapes>
		</Page>
	</Pages>
</VisioDocument>
