<?xml version="1.0" encoding="UTF-8"?>
<manifest identifier="man00001" xmlns:bb="http://www.blackboard.com/content-packaging/"><organizations default="toc00001"><organization identifier="toc00001"><item identifier="itm00001" identifierref="res00001"><title>Course Information</title></item><item identifier="itm00002" identifierref="res00002"><title>Course Documents</title></item><item identifier="itm00003" identifierref="res00003"><title>Assignments</title></item><item identifier="itm00004" identifierref="res00004"><title>External Links</title></item><item identifier="itm00005" identifierref="res00005"><title>Books</title></item></organization></organizations><resources><resource bb:file="res00006.dat" bb:title="Chapter 001 - Instructor Test Items" identifier="res00006" type="assessment/x-bb-qti-pool" xml:base="res00006"/><resource bb:file="res00007.dat" bb:title="Chapter 002 - Instructor Test Items" identifier="res00007" type="assessment/x-bb-qti-pool" xml:base="res00007"/><resource bb:file="res00008.dat" bb:title="Chapter 003 - Instructor Test Items" identifier="res00008" type="assessment/x-bb-qti-pool" xml:base="res00008"/><resource bb:file="res00009.dat" bb:title="Chapter 004 - Instructor Test Items" identifier="res00009" type="assessment/x-bb-qti-pool" xml:base="res00009"/><resource bb:file="res00010.dat" bb:title="Chapter 005 - Instructor Test Items" identifier="res00010" type="assessment/x-bb-qti-pool" xml:base="res00010"/><resource bb:file="res00011.dat" bb:title="Chapter 006 - Instructor Test Items" identifier="res00011" type="assessment/x-bb-qti-pool" xml:base="res00011"/><resource bb:file="res00012.dat" bb:title="Chapter 007 - Instructor Test Items" identifier="res00012" type="assessment/x-bb-qti-pool" xml:base="res00012"/><resource bb:file="res00013.dat" bb:title="Chapter 008 - Instructor Test Items" identifier="res00013" type="assessment/x-bb-qti-pool" xml:base="res00013"/><resource bb:file="res00014.dat" bb:title="Chapter 009 - Instructor Test Items" identifier="res00014" type="assessment/x-bb-qti-pool" xml:base="res00014"/><resource bb:file="res00015.dat" bb:title="Chapter 010 - Instructor Test Items" identifier="res00015" type="assessment/x-bb-qti-pool" xml:base="res00015"/><resource bb:file="res00016.dat" bb:title="Chapter 011 - Instructor Test Items" identifier="res00016" type="assessment/x-bb-qti-pool" xml:base="res00016"/><resource bb:file="res00017.dat" bb:title="Chapter 012 - Instructor Test Items" identifier="res00017" type="assessment/x-bb-qti-pool" xml:base="res00017"/><resource bb:file="res00018.dat" bb:title="Chapter 013 - Instructor Test Items" identifier="res00018" type="assessment/x-bb-qti-pool" xml:base="res00018"/><resource bb:file="res00019.dat" bb:title="Chapter 014 - Instructor Test Items" identifier="res00019" type="assessment/x-bb-qti-pool" xml:base="res00019"/><resource bb:file="res00020.dat" bb:title="Chapter 015 - Instructor Test Items" identifier="res00020" type="assessment/x-bb-qti-pool" xml:base="res00020"/><resource bb:file="res00001.dat" bb:title="Course Information" identifier="res00001" type="course/x-bb-coursetoc" xml:base="res00001"/><resource bb:file="res00002.dat" bb:title="Course Documents" identifier="res00002" type="course/x-bb-coursetoc" xml:base="res00002"/><resource bb:file="res00003.dat" bb:title="Assignments" identifier="res00003" type="course/x-bb-coursetoc" xml:base="res00003"/><resource bb:file="res00004.dat" bb:title="External Links" identifier="res00004" type="course/x-bb-coursetoc" xml:base="res00004"/><resource bb:file="res00005.dat" bb:title="Books" identifier="res00005" type="course/x-bb-coursetoc" xml:base="res00005"/></resources></manifest>
