INSERT INTO SAM_TYPE_T (TYPEID ,AUTHORITY ,DOMAIN, KEYWORD,
    DESCRIPTION,
    STATUS, CREATEDBY, CREATEDDATE, LASTMODIFIEDBY,
    LASTMODIFIEDDATE )
    VALUES (142 , 'stanford.edu' ,'assessment.template.system' ,'System Defined' ,NULL ,1 ,1 ,
    '2006-01-01 12:00:00',1 ,'2005-06-01 12:00:00');

UPDATE SAM_ASSESSMENTBASE_T SET TYPEID=142 WHERE ID=1;
UPDATE SAM_ASSESSMENTBASE_T SET TITLE='Default Assessment Type' WHERE ID=1;

INSERT INTO SAM_ASSESSMENTBASE_T (ID ,ISTEMPLATE ,
    PARENTID ,TITLE ,DESCRIPTION ,COMMENTS,
    ASSESSMENTTEMPLATEID, TYPEID, INSTRUCTORNOTIFICATION,
    TESTEENOTIFICATION , MULTIPARTALLOWED, STATUS,
    CREATEDBY, CREATEDDATE, LASTMODIFIEDBY,
    LASTMODIFIEDDATE )
    VALUES (NULL,1 ,0 ,'Formative Assessment' , 'System Defined Assessment Type', '', NULL
    ,'142' ,1 ,1 ,1 ,1 ,'admin' ,'2006-06-01 12:00:00' ,'admin' ,'2006-06-01 12:00:00'  )
;     

INSERT INTO SAM_ASSESSEVALUATION_T (ASSESSMENTID,
    EVALUATIONCOMPONENTS, SCORINGTYPE, NUMERICMODELID,
    FIXEDTOTALSCORE, GRADEAVAILABLE, ISSTUDENTIDPUBLIC,
    ANONYMOUSGRADING, AUTOSCORING,TOGRADEBOOK)
    VALUES ((SELECT ID FROM SAM_ASSESSMENTBASE_T WHERE TITLE='Formative Assessment'
     AND TYPEID='142' AND ISTEMPLATE=1),
     '' ,1 ,'' , NULL , NULL , NULL ,1 , NULL ,2  )
;
INSERT INTO SAM_ASSESSFEEDBACK_T (ASSESSMENTID,
    FEEDBACKDELIVERY, FEEDBACKAUTHORING, SHOWQUESTIONTEXT, SHOWSTUDENTRESPONSE,
    SHOWCORRECTRESPONSE, SHOWSTUDENTSCORE, SHOWSTUDENTQUESTIONSCORE,
    SHOWQUESTIONLEVELFEEDBACK, SHOWSELECTIONLEVELFEEDBACK,
    SHOWGRADERCOMMENTS, SHOWSTATISTICS, EDITCOMPONENTS)
    VALUES ((SELECT ID FROM SAM_ASSESSMENTBASE_T WHERE TITLE='Formative Assessment'
     AND TYPEID='142' AND ISTEMPLATE=1),
      1 ,3, 1 ,1 ,1 ,1 ,1 ,1 ,1 ,1 ,1 ,1  )
;
INSERT INTO SAM_ASSESSACCESSCONTROL_T (ASSESSMENTID,
    SUBMISSIONSALLOWED, SUBMISSIONSSAVED, ASSESSMENTFORMAT,
    BOOKMARKINGITEM, TIMELIMIT, TIMEDASSESSMENT,
    RETRYALLOWED, LATEHANDLING, STARTDATE, DUEDATE,
    SCOREDATE, FEEDBACKDATE, RETRACTDATE, AUTOSUBMIT,
    ITEMNAVIGATION, ITEMNUMBERING, DISPLAYSCORE, SUBMISSIONMESSAGE,
    RELEASETO, PASSWORD, FINALPAGEURL,
    UNLIMITEDSUBMISSIONS)
    VALUES ((SELECT ID FROM SAM_ASSESSMENTBASE_T WHERE TITLE='Formative Assessment'
     AND TYPEID='142' AND ISTEMPLATE=1),
                      NULL,1 ,1 , NULL , NULL , NULL , NULL ,1 ,
                      NULL, NULL, NULL, NULL, NULL,
                      1 ,2 ,1 ,1, '' ,'' ,'' ,'' ,
                      1  )
;
INSERT INTO SAM_ASSESSMETADATA_T (ASSESSMENTMETADATAID, ASSESSMENTID, LABEL,
    ENTRY)
    VALUES(NULL, (SELECT ID FROM SAM_ASSESSMENTBASE_T WHERE TITLE='Formative Assessment'
     AND TYPEID='142' AND ISTEMPLATE=1),
      'finalPageURL_isInstructorEditable', 'true')
;
INSERT INTO SAM_ASSESSMETADATA_T (ASSESSMENTMETADATAID, ASSESSMENTID, LABEL,
    ENTRY)
    VALUES(NULL, (SELECT ID FROM SAM_ASSESSMENTBASE_T WHERE TITLE='Formative Assessment'
     AND TYPEID='142' AND ISTEMPLATE=1),
     'anonymousRelease_isInstructorEditable', 'true')
;
INSERT INTO SAM_ASSESSMETADATA_T (ASSESSMENTMETADATAID, ASSESSMENTID, LABEL,
    ENTRY)
    VALUES(NULL, (SELECT ID FROM SAM_ASSESSMENTBASE_T WHERE TITLE='Formative Assessment'
     AND TYPEID='142' AND ISTEMPLATE=1),
      'dueDate_isInstructorEditable', 'true')
;
INSERT INTO SAM_ASSESSMETADATA_T (ASSESSMENTMETADATAID, ASSESSMENTID, LABEL,
    ENTRY)
    VALUES(NULL, (SELECT ID FROM SAM_ASSESSMENTBASE_T WHERE TITLE='Formative Assessment'
     AND TYPEID='142' AND ISTEMPLATE=1),
      'description_isInstructorEditable', 'true')
;
INSERT INTO SAM_ASSESSMETADATA_T (ASSESSMENTMETADATAID, ASSESSMENTID, LABEL,
    ENTRY)
    VALUES(NULL, (SELECT ID FROM SAM_ASSESSMENTBASE_T WHERE TITLE='Formative Assessment'
     AND TYPEID='142' AND ISTEMPLATE=1),
      'metadataQuestions_isInstructorEditable', 'true')
;
INSERT INTO SAM_ASSESSMETADATA_T (ASSESSMENTMETADATAID, ASSESSMENTID, LABEL,
    ENTRY)
    VALUES(NULL, (SELECT ID FROM SAM_ASSESSMENTBASE_T WHERE TITLE='Formative Assessment'
     AND TYPEID='142' AND ISTEMPLATE=1),
     'bgImage_isInstructorEditable', 'true')
;
INSERT INTO SAM_ASSESSMETADATA_T (ASSESSMENTMETADATAID, ASSESSMENTID, LABEL,
    ENTRY)
    VALUES(NULL, (SELECT ID FROM SAM_ASSESSMENTBASE_T WHERE TITLE='Formative Assessment'
     AND TYPEID='142' AND ISTEMPLATE=1),
      'feedbackComponents_isInstructorEditable', 'true')
;
INSERT INTO SAM_ASSESSMETADATA_T (ASSESSMENTMETADATAID, ASSESSMENTID, LABEL,
    ENTRY)
    VALUES(NULL, (SELECT ID FROM SAM_ASSESSMENTBASE_T WHERE TITLE='Formative Assessment'
     AND TYPEID='142' AND ISTEMPLATE=1),
      'retractDate_isInstructorEditable', 'true')
;
INSERT INTO SAM_ASSESSMETADATA_T (ASSESSMENTMETADATAID, ASSESSMENTID, LABEL,
    ENTRY)
    VALUES(NULL, (SELECT ID FROM SAM_ASSESSMENTBASE_T WHERE TITLE='Formative Assessment'
     AND TYPEID='142' AND ISTEMPLATE=1),
      'feedbackType_isInstructorEditable', 'true')
;
INSERT INTO SAM_ASSESSMETADATA_T (ASSESSMENTMETADATAID, ASSESSMENTID, LABEL,
    ENTRY)
    VALUES(NULL, (SELECT ID FROM SAM_ASSESSMENTBASE_T WHERE TITLE='Formative Assessment'
     AND TYPEID='142' AND ISTEMPLATE=1),
      'timedAssessmentAutoSubmit_isInstructorEditable', 'true')
;
INSERT INTO SAM_ASSESSMETADATA_T (ASSESSMENTMETADATAID, ASSESSMENTID, LABEL,
    ENTRY)
    VALUES(NULL, (SELECT ID FROM SAM_ASSESSMENTBASE_T WHERE TITLE='Formative Assessment'
     AND TYPEID='142' AND ISTEMPLATE=1),
      'toGradebook_isInstructorEditable', 'false')
;
INSERT INTO SAM_ASSESSMETADATA_T (ASSESSMENTMETADATAID, ASSESSMENTID, LABEL,
    ENTRY)
    VALUES(NULL, (SELECT ID FROM SAM_ASSESSMENTBASE_T WHERE TITLE='Formative Assessment'
     AND TYPEID='142' AND ISTEMPLATE=1),
      'displayChunking_isInstructorEditable', 'true')
;
INSERT INTO SAM_ASSESSMETADATA_T (ASSESSMENTMETADATAID, ASSESSMENTID, LABEL,
    ENTRY)
    VALUES(NULL, (SELECT ID FROM SAM_ASSESSMENTBASE_T WHERE TITLE='Formative Assessment'
     AND TYPEID='142' AND ISTEMPLATE=1),
      'recordedScore_isInstructorEditable', 'false')
;
INSERT INTO SAM_ASSESSMETADATA_T (ASSESSMENTMETADATAID, ASSESSMENTID, LABEL,
    ENTRY)
    VALUES(NULL, (SELECT ID FROM SAM_ASSESSMENTBASE_T WHERE TITLE='Formative Assessment'
     AND TYPEID='142' AND ISTEMPLATE=1),
      'authenticatedRelease_isInstructorEditable', 'true')
;
INSERT INTO SAM_ASSESSMETADATA_T (ASSESSMENTMETADATAID, ASSESSMENTID, LABEL,
    ENTRY)
    VALUES(NULL, (SELECT ID FROM SAM_ASSESSMENTBASE_T WHERE TITLE='Formative Assessment'
     AND TYPEID='142' AND ISTEMPLATE=1),
      'displayNumbering_isInstructorEditable', 'true')
;
INSERT INTO SAM_ASSESSMETADATA_T (ASSESSMENTMETADATAID, ASSESSMENTID, LABEL,
    ENTRY)
    VALUES(NULL, (SELECT ID FROM SAM_ASSESSMENTBASE_T WHERE TITLE='Formative Assessment'
     AND TYPEID='142' AND ISTEMPLATE=1),
      'displayScores_isInstructorEditable', 'true')
;
INSERT INTO SAM_ASSESSMETADATA_T (ASSESSMENTMETADATAID, ASSESSMENTID, LABEL,
    ENTRY)
    VALUES(NULL, (SELECT ID FROM SAM_ASSESSMENTBASE_T WHERE TITLE='Formative Assessment'
     AND TYPEID='142' AND ISTEMPLATE=1),
      'submissionMessage_isInstructorEditable', 'true')
;
INSERT INTO SAM_ASSESSMETADATA_T (ASSESSMENTMETADATAID, ASSESSMENTID, LABEL,
    ENTRY)
    VALUES(NULL, (SELECT ID FROM SAM_ASSESSMENTBASE_T WHERE TITLE='Formative Assessment'
     AND TYPEID='142' AND ISTEMPLATE=1),
      'releaseDate_isInstructorEditable', 'true')
;
INSERT INTO SAM_ASSESSMETADATA_T (ASSESSMENTMETADATAID, ASSESSMENTID, LABEL,
    ENTRY)
    VALUES(NULL, (SELECT ID FROM SAM_ASSESSMENTBASE_T WHERE TITLE='Formative Assessment'
     AND TYPEID='142' AND ISTEMPLATE=1),
      'assessmentAuthor_isInstructorEditable', 'true')
;
INSERT INTO SAM_ASSESSMETADATA_T (ASSESSMENTMETADATAID, ASSESSMENTID, LABEL,
    ENTRY)
    VALUES(NULL, (SELECT ID FROM SAM_ASSESSMENTBASE_T WHERE TITLE='Formative Assessment'
     AND TYPEID='142' AND ISTEMPLATE=1),
      'passwordRequired_isInstructorEditable', 'false')
;
INSERT INTO SAM_ASSESSMETADATA_T (ASSESSMENTMETADATAID, ASSESSMENTID, LABEL,
    ENTRY)
    VALUES(NULL, (SELECT ID FROM SAM_ASSESSMENTBASE_T WHERE TITLE='Formative Assessment'
     AND TYPEID='142' AND ISTEMPLATE=1),
      'author', '')
;
INSERT INTO SAM_ASSESSMETADATA_T (ASSESSMENTMETADATAID, ASSESSMENTID, LABEL,
    ENTRY)
    VALUES(NULL, (SELECT ID FROM SAM_ASSESSMENTBASE_T WHERE TITLE='Formative Assessment'
     AND TYPEID='142' AND ISTEMPLATE=1),
      'submissionModel_isInstructorEditable', 'true')
;
INSERT INTO SAM_ASSESSMETADATA_T (ASSESSMENTMETADATAID, ASSESSMENTID, LABEL,
    ENTRY)
    VALUES(NULL, (SELECT ID FROM SAM_ASSESSMENTBASE_T WHERE TITLE='Formative Assessment'
     AND TYPEID='142' AND ISTEMPLATE=1),
      'ipAccessType_isInstructorEditable', 'false')
;
INSERT INTO SAM_ASSESSMETADATA_T (ASSESSMENTMETADATAID, ASSESSMENTID, LABEL,
    ENTRY)
    VALUES(NULL, (SELECT ID FROM SAM_ASSESSMENTBASE_T WHERE TITLE='Formative Assessment'
     AND TYPEID='142' AND ISTEMPLATE=1),
      'timedAssessment_isInstructorEditable', 'true')
;
INSERT INTO SAM_ASSESSMETADATA_T (ASSESSMENTMETADATAID, ASSESSMENTID, LABEL,
    ENTRY)
    VALUES(NULL, (SELECT ID FROM SAM_ASSESSMENTBASE_T WHERE TITLE='Formative Assessment'
     AND TYPEID='142' AND ISTEMPLATE=1),
      'metadataAssess_isInstructorEditable', 'true')
;
INSERT INTO SAM_ASSESSMETADATA_T (ASSESSMENTMETADATAID, ASSESSMENTID, LABEL,
    ENTRY)
    VALUES(NULL, (SELECT ID FROM SAM_ASSESSMENTBASE_T WHERE TITLE='Formative Assessment'
     AND TYPEID='142' AND ISTEMPLATE=1),
      'bgColor_isInstructorEditable', 'true')
;
INSERT INTO SAM_ASSESSMETADATA_T (ASSESSMENTMETADATAID, ASSESSMENTID, LABEL,
    ENTRY)
    VALUES(NULL, (SELECT ID FROM SAM_ASSESSMENTBASE_T WHERE TITLE='Formative Assessment'
     AND TYPEID='142' AND ISTEMPLATE=1),
      'testeeIdentity_isInstructorEditable', 'false')
;
INSERT INTO SAM_ASSESSMETADATA_T (ASSESSMENTMETADATAID, ASSESSMENTID, LABEL,
    ENTRY)
    VALUES(NULL, (SELECT ID FROM SAM_ASSESSMENTBASE_T WHERE TITLE='Formative Assessment'
     AND TYPEID='142' AND ISTEMPLATE=1),
      'templateInfo_isInstructorEditable', 'true')
;
INSERT INTO SAM_ASSESSMETADATA_T (ASSESSMENTMETADATAID, ASSESSMENTID, LABEL,
    ENTRY)
    VALUES(NULL, (SELECT ID FROM SAM_ASSESSMENTBASE_T WHERE TITLE='Formative Assessment'
     AND TYPEID='142' AND ISTEMPLATE=1),
      'itemAccessType_isInstructorEditable', 'true')
;
INSERT INTO SAM_ASSESSMETADATA_T (ASSESSMENTMETADATAID, ASSESSMENTID, LABEL,
    ENTRY)
    VALUES(NULL, (SELECT ID FROM SAM_ASSESSMENTBASE_T WHERE TITLE='Formative Assessment'
     AND TYPEID='142' AND ISTEMPLATE=1),
      'lateHandling_isInstructorEditable', 'false')
;
INSERT INTO SAM_ASSESSMETADATA_T (ASSESSMENTMETADATAID, ASSESSMENTID, LABEL,
    ENTRY)
    VALUES(NULL, (SELECT ID FROM SAM_ASSESSMENTBASE_T WHERE TITLE='Formative Assessment'
     AND TYPEID='142' AND ISTEMPLATE=1),
      'feedbackAuthoring_isInstructorEditable', 'true')
;

INSERT INTO SAM_ASSESSMENTBASE_T (ID ,ISTEMPLATE ,
    PARENTID ,TITLE ,DESCRIPTION ,COMMENTS,
    ASSESSMENTTEMPLATEID, TYPEID, INSTRUCTORNOTIFICATION,
    TESTEENOTIFICATION , MULTIPARTALLOWED, STATUS,
    CREATEDBY, CREATEDDATE, LASTMODIFIEDBY,
    LASTMODIFIEDDATE )
    VALUES (NULL,1 ,0 ,'Quiz' , 'System Defined Assessment Type', '', NULL
    ,'142' ,1 ,1 ,1 ,1 ,'admin' ,'2006-06-01 12:00:00' ,'admin' ,'2006-06-01 12:00:00'  )
;     

INSERT INTO SAM_ASSESSEVALUATION_T (ASSESSMENTID,
    EVALUATIONCOMPONENTS, SCORINGTYPE, NUMERICMODELID,
    FIXEDTOTALSCORE, GRADEAVAILABLE, ISSTUDENTIDPUBLIC,
    ANONYMOUSGRADING, AUTOSCORING,TOGRADEBOOK)
    VALUES ((SELECT ID FROM SAM_ASSESSMENTBASE_T WHERE TITLE='Quiz'
     AND TYPEID='142' AND ISTEMPLATE=1),
     '' ,1 ,'' , NULL , NULL , NULL ,2 , NULL ,2  )
;
INSERT INTO SAM_ASSESSFEEDBACK_T (ASSESSMENTID,
    FEEDBACKDELIVERY, FEEDBACKAUTHORING, SHOWQUESTIONTEXT, SHOWSTUDENTRESPONSE,
    SHOWCORRECTRESPONSE, SHOWSTUDENTSCORE, SHOWSTUDENTQUESTIONSCORE,
    SHOWQUESTIONLEVELFEEDBACK, SHOWSELECTIONLEVELFEEDBACK,
    SHOWGRADERCOMMENTS, SHOWSTATISTICS, EDITCOMPONENTS)
    VALUES ((SELECT ID FROM SAM_ASSESSMENTBASE_T WHERE TITLE='Quiz'
     AND TYPEID='142' AND ISTEMPLATE=1),
      2 ,1, 1 ,1 ,1 ,1 ,1 ,1 ,1 ,1 ,1 ,1  )
;
INSERT INTO SAM_ASSESSACCESSCONTROL_T (ASSESSMENTID,
    SUBMISSIONSALLOWED, SUBMISSIONSSAVED, ASSESSMENTFORMAT,
    BOOKMARKINGITEM, TIMELIMIT, TIMEDASSESSMENT,
    RETRYALLOWED, LATEHANDLING, STARTDATE, DUEDATE,
    SCOREDATE, FEEDBACKDATE, RETRACTDATE, AUTOSUBMIT,
    ITEMNAVIGATION, ITEMNUMBERING, DISPLAYSCORE, SUBMISSIONMESSAGE,
    RELEASETO, PASSWORD, FINALPAGEURL,
    UNLIMITEDSUBMISSIONS)
    VALUES ((SELECT ID FROM SAM_ASSESSMENTBASE_T WHERE TITLE='Quiz'
     AND TYPEID='142' AND ISTEMPLATE=1),
                      1,1 ,3 , NULL , NULL , NULL , NULL ,2 ,
                      NULL, NULL, NULL, NULL, NULL,
                      1 ,1 ,1 , 1,'' ,'' ,'' ,'' ,
                      0  )
;
INSERT INTO SAM_ASSESSMETADATA_T (ASSESSMENTMETADATAID, ASSESSMENTID, LABEL,
    ENTRY)
    VALUES(NULL, (SELECT ID FROM SAM_ASSESSMENTBASE_T WHERE TITLE='Quiz'
     AND TYPEID='142' AND ISTEMPLATE=1),
      'finalPageURL_isInstructorEditable', 'true')
;
INSERT INTO SAM_ASSESSMETADATA_T (ASSESSMENTMETADATAID, ASSESSMENTID, LABEL,
    ENTRY)
    VALUES(NULL, (SELECT ID FROM SAM_ASSESSMENTBASE_T WHERE TITLE='Quiz'
     AND TYPEID='142' AND ISTEMPLATE=1),
     'anonymousRelease_isInstructorEditable', 'false')
;
INSERT INTO SAM_ASSESSMETADATA_T (ASSESSMENTMETADATAID, ASSESSMENTID, LABEL,
    ENTRY)
    VALUES(NULL, (SELECT ID FROM SAM_ASSESSMENTBASE_T WHERE TITLE='Quiz'
     AND TYPEID='142' AND ISTEMPLATE=1),
      'dueDate_isInstructorEditable', 'true')
;
INSERT INTO SAM_ASSESSMETADATA_T (ASSESSMENTMETADATAID, ASSESSMENTID, LABEL,
    ENTRY)
    VALUES(NULL, (SELECT ID FROM SAM_ASSESSMENTBASE_T WHERE TITLE='Quiz'
     AND TYPEID='142' AND ISTEMPLATE=1),
      'description_isInstructorEditable', 'true')
;
INSERT INTO SAM_ASSESSMETADATA_T (ASSESSMENTMETADATAID, ASSESSMENTID, LABEL,
    ENTRY)
    VALUES(NULL, (SELECT ID FROM SAM_ASSESSMENTBASE_T WHERE TITLE='Quiz'
     AND TYPEID='142' AND ISTEMPLATE=1),
      'metadataQuestions_isInstructorEditable', 'true')
;
INSERT INTO SAM_ASSESSMETADATA_T (ASSESSMENTMETADATAID, ASSESSMENTID, LABEL,
    ENTRY)
    VALUES(NULL, (SELECT ID FROM SAM_ASSESSMENTBASE_T WHERE TITLE='Quiz'
     AND TYPEID='142' AND ISTEMPLATE=1),
     'bgImage_isInstructorEditable', 'true')
;
INSERT INTO SAM_ASSESSMETADATA_T (ASSESSMENTMETADATAID, ASSESSMENTID, LABEL,
    ENTRY)
    VALUES(NULL, (SELECT ID FROM SAM_ASSESSMENTBASE_T WHERE TITLE='Quiz'
     AND TYPEID='142' AND ISTEMPLATE=1),
      'feedbackComponents_isInstructorEditable', 'true')
;
INSERT INTO SAM_ASSESSMETADATA_T (ASSESSMENTMETADATAID, ASSESSMENTID, LABEL,
    ENTRY)
    VALUES(NULL, (SELECT ID FROM SAM_ASSESSMENTBASE_T WHERE TITLE='Quiz'
     AND TYPEID='142' AND ISTEMPLATE=1),
      'retractDate_isInstructorEditable', 'true')
;
INSERT INTO SAM_ASSESSMETADATA_T (ASSESSMENTMETADATAID, ASSESSMENTID, LABEL,
    ENTRY)
    VALUES(NULL, (SELECT ID FROM SAM_ASSESSMENTBASE_T WHERE TITLE='Quiz'
     AND TYPEID='142' AND ISTEMPLATE=1),
      'feedbackType_isInstructorEditable', 'true')
;
INSERT INTO SAM_ASSESSMETADATA_T (ASSESSMENTMETADATAID, ASSESSMENTID, LABEL,
    ENTRY)
    VALUES(NULL, (SELECT ID FROM SAM_ASSESSMENTBASE_T WHERE TITLE='Quiz'
     AND TYPEID='142' AND ISTEMPLATE=1),
      'timedAssessmentAutoSubmit_isInstructorEditable', 'false')
;
INSERT INTO SAM_ASSESSMETADATA_T (ASSESSMENTMETADATAID, ASSESSMENTID, LABEL,
    ENTRY)
    VALUES(NULL, (SELECT ID FROM SAM_ASSESSMENTBASE_T WHERE TITLE='Quiz'
     AND TYPEID='142' AND ISTEMPLATE=1),
      'toGradebook_isInstructorEditable', 'true')
;
INSERT INTO SAM_ASSESSMETADATA_T (ASSESSMENTMETADATAID, ASSESSMENTID, LABEL,
    ENTRY)
    VALUES(NULL, (SELECT ID FROM SAM_ASSESSMENTBASE_T WHERE TITLE='Quiz'
     AND TYPEID='142' AND ISTEMPLATE=1),
      'displayChunking_isInstructorEditable', 'true')
;
INSERT INTO SAM_ASSESSMETADATA_T (ASSESSMENTMETADATAID, ASSESSMENTID, LABEL,
    ENTRY)
    VALUES(NULL, (SELECT ID FROM SAM_ASSESSMENTBASE_T WHERE TITLE='Quiz'
     AND TYPEID='142' AND ISTEMPLATE=1),
      'recordedScore_isInstructorEditable', 'false')
;
INSERT INTO SAM_ASSESSMETADATA_T (ASSESSMENTMETADATAID, ASSESSMENTID, LABEL,
    ENTRY)
    VALUES(NULL, (SELECT ID FROM SAM_ASSESSMENTBASE_T WHERE TITLE='Quiz'
     AND TYPEID='142' AND ISTEMPLATE=1),
      'authenticatedRelease_isInstructorEditable', 'true')
;
INSERT INTO SAM_ASSESSMETADATA_T (ASSESSMENTMETADATAID, ASSESSMENTID, LABEL,
    ENTRY)
    VALUES(NULL, (SELECT ID FROM SAM_ASSESSMENTBASE_T WHERE TITLE='Quiz'
     AND TYPEID='142' AND ISTEMPLATE=1),
      'displayNumbering_isInstructorEditable', 'true')
;
INSERT INTO SAM_ASSESSMETADATA_T (ASSESSMENTMETADATAID, ASSESSMENTID, LABEL,
    ENTRY)
    VALUES(NULL, (SELECT ID FROM SAM_ASSESSMENTBASE_T WHERE TITLE='Quiz'
     AND TYPEID='142' AND ISTEMPLATE=1),
      'displayScores_isInstructorEditable', 'true')
;
INSERT INTO SAM_ASSESSMETADATA_T (ASSESSMENTMETADATAID, ASSESSMENTID, LABEL,
    ENTRY)
    VALUES(NULL, (SELECT ID FROM SAM_ASSESSMENTBASE_T WHERE TITLE='Quiz'
     AND TYPEID='142' AND ISTEMPLATE=1),
      'submissionMessage_isInstructorEditable', 'true')
;
INSERT INTO SAM_ASSESSMETADATA_T (ASSESSMENTMETADATAID, ASSESSMENTID, LABEL,
    ENTRY)
    VALUES(NULL, (SELECT ID FROM SAM_ASSESSMENTBASE_T WHERE TITLE='Quiz'
     AND TYPEID='142' AND ISTEMPLATE=1),
      'releaseDate_isInstructorEditable', 'true')
;
INSERT INTO SAM_ASSESSMETADATA_T (ASSESSMENTMETADATAID, ASSESSMENTID, LABEL,
    ENTRY)
    VALUES(NULL, (SELECT ID FROM SAM_ASSESSMENTBASE_T WHERE TITLE='Quiz'
     AND TYPEID='142' AND ISTEMPLATE=1),
      'assessmentAuthor_isInstructorEditable', 'true')
;
INSERT INTO SAM_ASSESSMETADATA_T (ASSESSMENTMETADATAID, ASSESSMENTID, LABEL,
    ENTRY)
    VALUES(NULL, (SELECT ID FROM SAM_ASSESSMENTBASE_T WHERE TITLE='Quiz'
     AND TYPEID='142' AND ISTEMPLATE=1),
      'passwordRequired_isInstructorEditable', 'false')
;
INSERT INTO SAM_ASSESSMETADATA_T (ASSESSMENTMETADATAID, ASSESSMENTID, LABEL,
    ENTRY)
    VALUES(NULL, (SELECT ID FROM SAM_ASSESSMENTBASE_T WHERE TITLE='Quiz'
     AND TYPEID='142' AND ISTEMPLATE=1),
      'author', '')
;
INSERT INTO SAM_ASSESSMETADATA_T (ASSESSMENTMETADATAID, ASSESSMENTID, LABEL,
    ENTRY)
    VALUES(NULL, (SELECT ID FROM SAM_ASSESSMENTBASE_T WHERE TITLE='Quiz'
     AND TYPEID='142' AND ISTEMPLATE=1),
      'submissionModel_isInstructorEditable', 'true')
;
INSERT INTO SAM_ASSESSMETADATA_T (ASSESSMENTMETADATAID, ASSESSMENTID, LABEL,
    ENTRY)
    VALUES(NULL, (SELECT ID FROM SAM_ASSESSMENTBASE_T WHERE TITLE='Quiz'
     AND TYPEID='142' AND ISTEMPLATE=1),
      'ipAccessType_isInstructorEditable', 'false')
;
INSERT INTO SAM_ASSESSMETADATA_T (ASSESSMENTMETADATAID, ASSESSMENTID, LABEL,
    ENTRY)
    VALUES(NULL, (SELECT ID FROM SAM_ASSESSMENTBASE_T WHERE TITLE='Quiz'
     AND TYPEID='142' AND ISTEMPLATE=1),
      'timedAssessment_isInstructorEditable', 'false')
;
INSERT INTO SAM_ASSESSMETADATA_T (ASSESSMENTMETADATAID, ASSESSMENTID, LABEL,
    ENTRY)
    VALUES(NULL, (SELECT ID FROM SAM_ASSESSMENTBASE_T WHERE TITLE='Quiz'
     AND TYPEID='142' AND ISTEMPLATE=1),
      'metadataAssess_isInstructorEditable', 'true')
;
INSERT INTO SAM_ASSESSMETADATA_T (ASSESSMENTMETADATAID, ASSESSMENTID, LABEL,
    ENTRY)
    VALUES(NULL, (SELECT ID FROM SAM_ASSESSMENTBASE_T WHERE TITLE='Quiz'
     AND TYPEID='142' AND ISTEMPLATE=1),
      'bgColor_isInstructorEditable', 'true')
;
INSERT INTO SAM_ASSESSMETADATA_T (ASSESSMENTMETADATAID, ASSESSMENTID, LABEL,
    ENTRY)
    VALUES(NULL, (SELECT ID FROM SAM_ASSESSMENTBASE_T WHERE TITLE='Quiz'
     AND TYPEID='142' AND ISTEMPLATE=1),
      'testeeIdentity_isInstructorEditable', 'true')
;
INSERT INTO SAM_ASSESSMETADATA_T (ASSESSMENTMETADATAID, ASSESSMENTID, LABEL,
    ENTRY)
    VALUES(NULL, (SELECT ID FROM SAM_ASSESSMENTBASE_T WHERE TITLE='Quiz'
     AND TYPEID='142' AND ISTEMPLATE=1),
      'templateInfo_isInstructorEditable', 'true')
;
INSERT INTO SAM_ASSESSMETADATA_T (ASSESSMENTMETADATAID, ASSESSMENTID, LABEL,
    ENTRY)
    VALUES(NULL, (SELECT ID FROM SAM_ASSESSMENTBASE_T WHERE TITLE='Quiz'
     AND TYPEID='142' AND ISTEMPLATE=1),
      'itemAccessType_isInstructorEditable', 'true')
;
INSERT INTO SAM_ASSESSMETADATA_T (ASSESSMENTMETADATAID, ASSESSMENTID, LABEL,
    ENTRY)
    VALUES(NULL, (SELECT ID FROM SAM_ASSESSMENTBASE_T WHERE TITLE='Quiz'
     AND TYPEID='142' AND ISTEMPLATE=1),
      'lateHandling_isInstructorEditable', 'true')
;
INSERT INTO SAM_ASSESSMETADATA_T (ASSESSMENTMETADATAID, ASSESSMENTID, LABEL,
    ENTRY)
    VALUES(NULL, (SELECT ID FROM SAM_ASSESSMENTBASE_T WHERE TITLE='Quiz'
     AND TYPEID='142' AND ISTEMPLATE=1),
      'feedbackAuthoring_isInstructorEditable', 'true')
;


INSERT INTO SAM_ASSESSMENTBASE_T (ID ,ISTEMPLATE ,
    PARENTID ,TITLE ,DESCRIPTION ,COMMENTS,
    ASSESSMENTTEMPLATEID, TYPEID, INSTRUCTORNOTIFICATION,
    TESTEENOTIFICATION , MULTIPARTALLOWED, STATUS,
    CREATEDBY, CREATEDDATE, LASTMODIFIEDBY,
    LASTMODIFIEDDATE )
    VALUES (NULL,1 ,0 ,'Problem Set' , 'System Defined Assessment Type', '', NULL
    ,'142' ,1 ,1 ,1 ,1 ,'admin' ,'2006-06-01 12:00:00' ,'admin' ,'2006-06-01 12:00:00'  )
;     

INSERT INTO SAM_ASSESSEVALUATION_T (ASSESSMENTID,
    EVALUATIONCOMPONENTS, SCORINGTYPE, NUMERICMODELID,
    FIXEDTOTALSCORE, GRADEAVAILABLE, ISSTUDENTIDPUBLIC,
    ANONYMOUSGRADING, AUTOSCORING,TOGRADEBOOK)
    VALUES ((SELECT ID FROM SAM_ASSESSMENTBASE_T WHERE TITLE='Problem Set'
     AND TYPEID='142' AND ISTEMPLATE=1),
     '' ,1 ,'' , NULL , NULL , NULL ,2 , NULL ,2  )
;
INSERT INTO SAM_ASSESSFEEDBACK_T (ASSESSMENTID,
    FEEDBACKDELIVERY, FEEDBACKAUTHORING, SHOWQUESTIONTEXT, SHOWSTUDENTRESPONSE,
    SHOWCORRECTRESPONSE, SHOWSTUDENTSCORE, SHOWSTUDENTQUESTIONSCORE,
    SHOWQUESTIONLEVELFEEDBACK, SHOWSELECTIONLEVELFEEDBACK,
    SHOWGRADERCOMMENTS, SHOWSTATISTICS, EDITCOMPONENTS)
    VALUES ((SELECT ID FROM SAM_ASSESSMENTBASE_T WHERE TITLE='Problem Set'
     AND TYPEID='142' AND ISTEMPLATE=1),
      2 ,1, 1 ,1 ,1 ,1 ,1 ,1 ,1 ,1 ,1 ,1  )
;
INSERT INTO SAM_ASSESSACCESSCONTROL_T (ASSESSMENTID,
    SUBMISSIONSALLOWED, SUBMISSIONSSAVED, ASSESSMENTFORMAT,
    BOOKMARKINGITEM, TIMELIMIT, TIMEDASSESSMENT,
    RETRYALLOWED, LATEHANDLING, STARTDATE, DUEDATE,
    SCOREDATE, FEEDBACKDATE, RETRACTDATE, AUTOSUBMIT,
    ITEMNAVIGATION, ITEMNUMBERING, DISPLAYSCORE, SUBMISSIONMESSAGE,
    RELEASETO, PASSWORD, FINALPAGEURL,
    UNLIMITEDSUBMISSIONS)
    VALUES ((SELECT ID FROM SAM_ASSESSMENTBASE_T WHERE TITLE='Problem Set'
     AND TYPEID='142' AND ISTEMPLATE=1),
                      NULL,1 ,2 , NULL , NULL , NULL , NULL ,1 ,
                      NULL, NULL, NULL, NULL, NULL,
                      1 ,2 ,1 , 1,'' ,'' ,'' ,'' ,
                      1  )
;
INSERT INTO SAM_ASSESSMETADATA_T (ASSESSMENTMETADATAID, ASSESSMENTID, LABEL,
    ENTRY)
    VALUES(NULL, (SELECT ID FROM SAM_ASSESSMENTBASE_T WHERE TITLE='Problem Set'
     AND TYPEID='142' AND ISTEMPLATE=1),
      'finalPageURL_isInstructorEditable', 'true')
;
INSERT INTO SAM_ASSESSMETADATA_T (ASSESSMENTMETADATAID, ASSESSMENTID, LABEL,
    ENTRY)
    VALUES(NULL, (SELECT ID FROM SAM_ASSESSMENTBASE_T WHERE TITLE='Problem Set'
     AND TYPEID='142' AND ISTEMPLATE=1),
     'anonymousRelease_isInstructorEditable', 'false')
;
INSERT INTO SAM_ASSESSMETADATA_T (ASSESSMENTMETADATAID, ASSESSMENTID, LABEL,
    ENTRY)
    VALUES(NULL, (SELECT ID FROM SAM_ASSESSMENTBASE_T WHERE TITLE='Problem Set'
     AND TYPEID='142' AND ISTEMPLATE=1),
      'dueDate_isInstructorEditable', 'true')
;
INSERT INTO SAM_ASSESSMETADATA_T (ASSESSMENTMETADATAID, ASSESSMENTID, LABEL,
    ENTRY)
    VALUES(NULL, (SELECT ID FROM SAM_ASSESSMENTBASE_T WHERE TITLE='Problem Set'
     AND TYPEID='142' AND ISTEMPLATE=1),
      'description_isInstructorEditable', 'true')
;
INSERT INTO SAM_ASSESSMETADATA_T (ASSESSMENTMETADATAID, ASSESSMENTID, LABEL,
    ENTRY)
    VALUES(NULL, (SELECT ID FROM SAM_ASSESSMENTBASE_T WHERE TITLE='Problem Set'
     AND TYPEID='142' AND ISTEMPLATE=1),
      'metadataQuestions_isInstructorEditable', 'true')
;
INSERT INTO SAM_ASSESSMETADATA_T (ASSESSMENTMETADATAID, ASSESSMENTID, LABEL,
    ENTRY)
    VALUES(NULL, (SELECT ID FROM SAM_ASSESSMENTBASE_T WHERE TITLE='Problem Set'
     AND TYPEID='142' AND ISTEMPLATE=1),
     'bgImage_isInstructorEditable', 'true')
;
INSERT INTO SAM_ASSESSMETADATA_T (ASSESSMENTMETADATAID, ASSESSMENTID, LABEL,
    ENTRY)
    VALUES(NULL, (SELECT ID FROM SAM_ASSESSMENTBASE_T WHERE TITLE='Problem Set'
     AND TYPEID='142' AND ISTEMPLATE=1),
      'feedbackComponents_isInstructorEditable', 'true')
;
INSERT INTO SAM_ASSESSMETADATA_T (ASSESSMENTMETADATAID, ASSESSMENTID, LABEL,
    ENTRY)
    VALUES(NULL, (SELECT ID FROM SAM_ASSESSMENTBASE_T WHERE TITLE='Problem Set'
     AND TYPEID='142' AND ISTEMPLATE=1),
      'retractDate_isInstructorEditable', 'true')
;
INSERT INTO SAM_ASSESSMETADATA_T (ASSESSMENTMETADATAID, ASSESSMENTID, LABEL,
    ENTRY)
    VALUES(NULL, (SELECT ID FROM SAM_ASSESSMENTBASE_T WHERE TITLE='Problem Set'
     AND TYPEID='142' AND ISTEMPLATE=1),
      'feedbackType_isInstructorEditable', 'true')
;
INSERT INTO SAM_ASSESSMETADATA_T (ASSESSMENTMETADATAID, ASSESSMENTID, LABEL,
    ENTRY)
    VALUES(NULL, (SELECT ID FROM SAM_ASSESSMENTBASE_T WHERE TITLE='Problem Set'
     AND TYPEID='142' AND ISTEMPLATE=1),
      'timedAssessmentAutoSubmit_isInstructorEditable', 'false')
;
INSERT INTO SAM_ASSESSMETADATA_T (ASSESSMENTMETADATAID, ASSESSMENTID, LABEL,
    ENTRY)
    VALUES(NULL, (SELECT ID FROM SAM_ASSESSMENTBASE_T WHERE TITLE='Problem Set'
     AND TYPEID='142' AND ISTEMPLATE=1),
      'toGradebook_isInstructorEditable', 'true')
;
INSERT INTO SAM_ASSESSMETADATA_T (ASSESSMENTMETADATAID, ASSESSMENTID, LABEL,
    ENTRY)
    VALUES(NULL, (SELECT ID FROM SAM_ASSESSMENTBASE_T WHERE TITLE='Problem Set'
     AND TYPEID='142' AND ISTEMPLATE=1),
      'displayChunking_isInstructorEditable', 'true')
;
INSERT INTO SAM_ASSESSMETADATA_T (ASSESSMENTMETADATAID, ASSESSMENTID, LABEL,
    ENTRY)
    VALUES(NULL, (SELECT ID FROM SAM_ASSESSMENTBASE_T WHERE TITLE='Problem Set'
     AND TYPEID='142' AND ISTEMPLATE=1),
      'recordedScore_isInstructorEditable', 'true')
;
INSERT INTO SAM_ASSESSMETADATA_T (ASSESSMENTMETADATAID, ASSESSMENTID, LABEL,
    ENTRY)
    VALUES(NULL, (SELECT ID FROM SAM_ASSESSMENTBASE_T WHERE TITLE='Problem Set'
     AND TYPEID='142' AND ISTEMPLATE=1),
      'authenticatedRelease_isInstructorEditable', 'true')
;
INSERT INTO SAM_ASSESSMETADATA_T (ASSESSMENTMETADATAID, ASSESSMENTID, LABEL,
    ENTRY)
    VALUES(NULL, (SELECT ID FROM SAM_ASSESSMENTBASE_T WHERE TITLE='Problem Set'
     AND TYPEID='142' AND ISTEMPLATE=1),
      'displayNumbering_isInstructorEditable', 'true')
;
INSERT INTO SAM_ASSESSMETADATA_T (ASSESSMENTMETADATAID, ASSESSMENTID, LABEL,
    ENTRY)
    VALUES(NULL, (SELECT ID FROM SAM_ASSESSMENTBASE_T WHERE TITLE='Problem Set'
     AND TYPEID='142' AND ISTEMPLATE=1),
      'displayScores_isInstructorEditable', 'true')
;
INSERT INTO SAM_ASSESSMETADATA_T (ASSESSMENTMETADATAID, ASSESSMENTID, LABEL,
    ENTRY)
    VALUES(NULL, (SELECT ID FROM SAM_ASSESSMENTBASE_T WHERE TITLE='Problem Set'
     AND TYPEID='142' AND ISTEMPLATE=1),
      'submissionMessage_isInstructorEditable', 'true')
;
INSERT INTO SAM_ASSESSMETADATA_T (ASSESSMENTMETADATAID, ASSESSMENTID, LABEL,
    ENTRY)
    VALUES(NULL, (SELECT ID FROM SAM_ASSESSMENTBASE_T WHERE TITLE='Problem Set'
     AND TYPEID='142' AND ISTEMPLATE=1),
      'releaseDate_isInstructorEditable', 'true')
;
INSERT INTO SAM_ASSESSMETADATA_T (ASSESSMENTMETADATAID, ASSESSMENTID, LABEL,
    ENTRY)
    VALUES(NULL, (SELECT ID FROM SAM_ASSESSMENTBASE_T WHERE TITLE='Problem Set'
     AND TYPEID='142' AND ISTEMPLATE=1),
      'assessmentAuthor_isInstructorEditable', 'true')
;
INSERT INTO SAM_ASSESSMETADATA_T (ASSESSMENTMETADATAID, ASSESSMENTID, LABEL,
    ENTRY)
    VALUES(NULL, (SELECT ID FROM SAM_ASSESSMENTBASE_T WHERE TITLE='Problem Set'
     AND TYPEID='142' AND ISTEMPLATE=1),
      'passwordRequired_isInstructorEditable', 'false')
;
INSERT INTO SAM_ASSESSMETADATA_T (ASSESSMENTMETADATAID, ASSESSMENTID, LABEL,
    ENTRY)
    VALUES(NULL, (SELECT ID FROM SAM_ASSESSMENTBASE_T WHERE TITLE='Problem Set'
     AND TYPEID='142' AND ISTEMPLATE=1),
      'author', '')
;
INSERT INTO SAM_ASSESSMETADATA_T (ASSESSMENTMETADATAID, ASSESSMENTID, LABEL,
    ENTRY)
    VALUES(NULL, (SELECT ID FROM SAM_ASSESSMENTBASE_T WHERE TITLE='Problem Set'
     AND TYPEID='142' AND ISTEMPLATE=1),
      'submissionModel_isInstructorEditable', 'true')
;
INSERT INTO SAM_ASSESSMETADATA_T (ASSESSMENTMETADATAID, ASSESSMENTID, LABEL,
    ENTRY)
    VALUES(NULL, (SELECT ID FROM SAM_ASSESSMENTBASE_T WHERE TITLE='Problem Set'
     AND TYPEID='142' AND ISTEMPLATE=1),
      'ipAccessType_isInstructorEditable', 'false')
;
INSERT INTO SAM_ASSESSMETADATA_T (ASSESSMENTMETADATAID, ASSESSMENTID, LABEL,
    ENTRY)
    VALUES(NULL, (SELECT ID FROM SAM_ASSESSMENTBASE_T WHERE TITLE='Problem Set'
     AND TYPEID='142' AND ISTEMPLATE=1),
      'timedAssessment_isInstructorEditable', 'false')
;
INSERT INTO SAM_ASSESSMETADATA_T (ASSESSMENTMETADATAID, ASSESSMENTID, LABEL,
    ENTRY)
    VALUES(NULL, (SELECT ID FROM SAM_ASSESSMENTBASE_T WHERE TITLE='Problem Set'
     AND TYPEID='142' AND ISTEMPLATE=1),
      'metadataAssess_isInstructorEditable', 'true')
;
INSERT INTO SAM_ASSESSMETADATA_T (ASSESSMENTMETADATAID, ASSESSMENTID, LABEL,
    ENTRY)
    VALUES(NULL, (SELECT ID FROM SAM_ASSESSMENTBASE_T WHERE TITLE='Problem Set'
     AND TYPEID='142' AND ISTEMPLATE=1),
      'bgColor_isInstructorEditable', 'true')
;
INSERT INTO SAM_ASSESSMETADATA_T (ASSESSMENTMETADATAID, ASSESSMENTID, LABEL,
    ENTRY)
    VALUES(NULL, (SELECT ID FROM SAM_ASSESSMENTBASE_T WHERE TITLE='Problem Set'
     AND TYPEID='142' AND ISTEMPLATE=1),
      'testeeIdentity_isInstructorEditable', 'true')
;
INSERT INTO SAM_ASSESSMETADATA_T (ASSESSMENTMETADATAID, ASSESSMENTID, LABEL,
    ENTRY)
    VALUES(NULL, (SELECT ID FROM SAM_ASSESSMENTBASE_T WHERE TITLE='Problem Set'
     AND TYPEID='142' AND ISTEMPLATE=1),
      'templateInfo_isInstructorEditable', 'true')
;
INSERT INTO SAM_ASSESSMETADATA_T (ASSESSMENTMETADATAID, ASSESSMENTID, LABEL,
    ENTRY)
    VALUES(NULL, (SELECT ID FROM SAM_ASSESSMENTBASE_T WHERE TITLE='Problem Set'
     AND TYPEID='142' AND ISTEMPLATE=1),
      'itemAccessType_isInstructorEditable', 'true')
;
INSERT INTO SAM_ASSESSMETADATA_T (ASSESSMENTMETADATAID, ASSESSMENTID, LABEL,
    ENTRY)
    VALUES(NULL, (SELECT ID FROM SAM_ASSESSMENTBASE_T WHERE TITLE='Problem Set'
     AND TYPEID='142' AND ISTEMPLATE=1),
      'lateHandling_isInstructorEditable', 'true')
;
INSERT INTO SAM_ASSESSMETADATA_T (ASSESSMENTMETADATAID, ASSESSMENTID, LABEL,
    ENTRY)
    VALUES(NULL, (SELECT ID FROM SAM_ASSESSMENTBASE_T WHERE TITLE='Problem Set'
     AND TYPEID='142' AND ISTEMPLATE=1),
      'feedbackAuthoring_isInstructorEditable', 'true')
;



INSERT INTO SAM_ASSESSMENTBASE_T (ID ,ISTEMPLATE ,
    PARENTID ,TITLE ,DESCRIPTION ,COMMENTS,
    ASSESSMENTTEMPLATEID, TYPEID, INSTRUCTORNOTIFICATION,
    TESTEENOTIFICATION , MULTIPARTALLOWED, STATUS,
    CREATEDBY, CREATEDDATE, LASTMODIFIEDBY,
    LASTMODIFIEDDATE )
    VALUES (NULL,1 ,0 ,'Survey' , 'System Defined Assessment Type', '', NULL
    ,'142' ,1 ,1 ,1 ,1 ,'admin' ,'2006-06-01 12:00:00' ,'admin' ,'2006-06-01 12:00:00'  )
;     

INSERT INTO SAM_ASSESSEVALUATION_T (ASSESSMENTID,
    EVALUATIONCOMPONENTS, SCORINGTYPE, NUMERICMODELID,
    FIXEDTOTALSCORE, GRADEAVAILABLE, ISSTUDENTIDPUBLIC,
    ANONYMOUSGRADING, AUTOSCORING,TOGRADEBOOK)
    VALUES ((SELECT ID FROM SAM_ASSESSMENTBASE_T WHERE TITLE='Survey'
     AND TYPEID='142' AND ISTEMPLATE=1),
     '' ,1 ,'' , NULL , NULL , NULL ,1 , NULL ,2  )
;
INSERT INTO SAM_ASSESSFEEDBACK_T (ASSESSMENTID,
    FEEDBACKDELIVERY, FEEDBACKAUTHORING, SHOWQUESTIONTEXT, SHOWSTUDENTRESPONSE,
    SHOWCORRECTRESPONSE, SHOWSTUDENTSCORE, SHOWSTUDENTQUESTIONSCORE,
    SHOWQUESTIONLEVELFEEDBACK, SHOWSELECTIONLEVELFEEDBACK,
    SHOWGRADERCOMMENTS, SHOWSTATISTICS, EDITCOMPONENTS)
    VALUES ((SELECT ID FROM SAM_ASSESSMENTBASE_T WHERE TITLE='Survey'
     AND TYPEID='142' AND ISTEMPLATE=1),
      1 ,3, 0 ,1 ,0 ,0 ,0 ,0 ,0 ,0 ,1 ,1  )
;
INSERT INTO SAM_ASSESSACCESSCONTROL_T (ASSESSMENTID,
    SUBMISSIONSALLOWED, SUBMISSIONSSAVED, ASSESSMENTFORMAT,
    BOOKMARKINGITEM, TIMELIMIT, TIMEDASSESSMENT,
    RETRYALLOWED, LATEHANDLING, STARTDATE, DUEDATE,
    SCOREDATE, FEEDBACKDATE, RETRACTDATE, AUTOSUBMIT,
    ITEMNAVIGATION, ITEMNUMBERING, DISPLAYSCORE, SUBMISSIONMESSAGE,
    RELEASETO, PASSWORD, FINALPAGEURL,
    UNLIMITEDSUBMISSIONS)
    VALUES ((SELECT ID FROM SAM_ASSESSMENTBASE_T WHERE TITLE='Survey'
     AND TYPEID='142' AND ISTEMPLATE=1),
                      1,1 ,1 , NULL , NULL , NULL , NULL ,1 ,
                      NULL, NULL, NULL, NULL, NULL,
                      1 ,2 ,1, 1,'' ,'' ,'' ,'' ,
                      0  )
;
INSERT INTO SAM_ASSESSMETADATA_T (ASSESSMENTMETADATAID, ASSESSMENTID, LABEL,
    ENTRY)
    VALUES(NULL, (SELECT ID FROM SAM_ASSESSMENTBASE_T WHERE TITLE='Survey'
     AND TYPEID='142' AND ISTEMPLATE=1),
      'finalPageURL_isInstructorEditable', 'true')
;
INSERT INTO SAM_ASSESSMETADATA_T (ASSESSMENTMETADATAID, ASSESSMENTID, LABEL,
    ENTRY)
    VALUES(NULL, (SELECT ID FROM SAM_ASSESSMENTBASE_T WHERE TITLE='Survey'
     AND TYPEID='142' AND ISTEMPLATE=1),
     'anonymousRelease_isInstructorEditable', 'true')
;
INSERT INTO SAM_ASSESSMETADATA_T (ASSESSMENTMETADATAID, ASSESSMENTID, LABEL,
    ENTRY)
    VALUES(NULL, (SELECT ID FROM SAM_ASSESSMENTBASE_T WHERE TITLE='Survey'
     AND TYPEID='142' AND ISTEMPLATE=1),
      'dueDate_isInstructorEditable', 'true')
;
INSERT INTO SAM_ASSESSMETADATA_T (ASSESSMENTMETADATAID, ASSESSMENTID, LABEL,
    ENTRY)
    VALUES(NULL, (SELECT ID FROM SAM_ASSESSMENTBASE_T WHERE TITLE='Survey'
     AND TYPEID='142' AND ISTEMPLATE=1),
      'description_isInstructorEditable', 'true')
;
INSERT INTO SAM_ASSESSMETADATA_T (ASSESSMENTMETADATAID, ASSESSMENTID, LABEL,
    ENTRY)
    VALUES(NULL, (SELECT ID FROM SAM_ASSESSMENTBASE_T WHERE TITLE='Survey'
     AND TYPEID='142' AND ISTEMPLATE=1),
      'metadataQuestions_isInstructorEditable', 'true')
;
INSERT INTO SAM_ASSESSMETADATA_T (ASSESSMENTMETADATAID, ASSESSMENTID, LABEL,
    ENTRY)
    VALUES(NULL, (SELECT ID FROM SAM_ASSESSMENTBASE_T WHERE TITLE='Survey'
     AND TYPEID='142' AND ISTEMPLATE=1),
     'bgImage_isInstructorEditable', 'true')
;
INSERT INTO SAM_ASSESSMETADATA_T (ASSESSMENTMETADATAID, ASSESSMENTID, LABEL,
    ENTRY)
    VALUES(NULL, (SELECT ID FROM SAM_ASSESSMENTBASE_T WHERE TITLE='Survey'
     AND TYPEID='142' AND ISTEMPLATE=1),
      'feedbackComponents_isInstructorEditable', 'true')
;
INSERT INTO SAM_ASSESSMETADATA_T (ASSESSMENTMETADATAID, ASSESSMENTID, LABEL,
    ENTRY)
    VALUES(NULL, (SELECT ID FROM SAM_ASSESSMENTBASE_T WHERE TITLE='Survey'
     AND TYPEID='142' AND ISTEMPLATE=1),
      'retractDate_isInstructorEditable', 'true')
;
INSERT INTO SAM_ASSESSMETADATA_T (ASSESSMENTMETADATAID, ASSESSMENTID, LABEL,
    ENTRY)
    VALUES(NULL, (SELECT ID FROM SAM_ASSESSMENTBASE_T WHERE TITLE='Survey'
     AND TYPEID='142' AND ISTEMPLATE=1),
      'feedbackType_isInstructorEditable', 'true')
;
INSERT INTO SAM_ASSESSMETADATA_T (ASSESSMENTMETADATAID, ASSESSMENTID, LABEL,
    ENTRY)
    VALUES(NULL, (SELECT ID FROM SAM_ASSESSMENTBASE_T WHERE TITLE='Survey'
     AND TYPEID='142' AND ISTEMPLATE=1),
      'timedAssessmentAutoSubmit_isInstructorEditable', 'false')
;
INSERT INTO SAM_ASSESSMETADATA_T (ASSESSMENTMETADATAID, ASSESSMENTID, LABEL,
    ENTRY)
    VALUES(NULL, (SELECT ID FROM SAM_ASSESSMENTBASE_T WHERE TITLE='Survey'
     AND TYPEID='142' AND ISTEMPLATE=1),
      'toGradebook_isInstructorEditable', 'true')
;
INSERT INTO SAM_ASSESSMETADATA_T (ASSESSMENTMETADATAID, ASSESSMENTID, LABEL,
    ENTRY)
    VALUES(NULL, (SELECT ID FROM SAM_ASSESSMENTBASE_T WHERE TITLE='Survey'
     AND TYPEID='142' AND ISTEMPLATE=1),
      'displayChunking_isInstructorEditable', 'true')
;
INSERT INTO SAM_ASSESSMETADATA_T (ASSESSMENTMETADATAID, ASSESSMENTID, LABEL,
    ENTRY)
    VALUES(NULL, (SELECT ID FROM SAM_ASSESSMENTBASE_T WHERE TITLE='Survey'
     AND TYPEID='142' AND ISTEMPLATE=1),
      'recordedScore_isInstructorEditable', 'false')
;
INSERT INTO SAM_ASSESSMETADATA_T (ASSESSMENTMETADATAID, ASSESSMENTID, LABEL,
    ENTRY)
    VALUES(NULL, (SELECT ID FROM SAM_ASSESSMENTBASE_T WHERE TITLE='Survey'
     AND TYPEID='142' AND ISTEMPLATE=1),
      'authenticatedRelease_isInstructorEditable', 'false')
;
INSERT INTO SAM_ASSESSMETADATA_T (ASSESSMENTMETADATAID, ASSESSMENTID, LABEL,
    ENTRY)
    VALUES(NULL, (SELECT ID FROM SAM_ASSESSMENTBASE_T WHERE TITLE='Survey'
     AND TYPEID='142' AND ISTEMPLATE=1),
      'displayNumbering_isInstructorEditable', 'true')
;
INSERT INTO SAM_ASSESSMETADATA_T (ASSESSMENTMETADATAID, ASSESSMENTID, LABEL,
    ENTRY)
    VALUES(NULL, (SELECT ID FROM SAM_ASSESSMENTBASE_T WHERE TITLE='Survey'
     AND TYPEID='142' AND ISTEMPLATE=1),
      'displayScores_isInstructorEditable', 'true')
;
INSERT INTO SAM_ASSESSMETADATA_T (ASSESSMENTMETADATAID, ASSESSMENTID, LABEL,
    ENTRY)
    VALUES(NULL, (SELECT ID FROM SAM_ASSESSMENTBASE_T WHERE TITLE='Survey'
     AND TYPEID='142' AND ISTEMPLATE=1),
      'submissionMessage_isInstructorEditable', 'true')
;
INSERT INTO SAM_ASSESSMETADATA_T (ASSESSMENTMETADATAID, ASSESSMENTID, LABEL,
    ENTRY)
    VALUES(NULL, (SELECT ID FROM SAM_ASSESSMENTBASE_T WHERE TITLE='Survey'
     AND TYPEID='142' AND ISTEMPLATE=1),
      'releaseDate_isInstructorEditable', 'true')
;
INSERT INTO SAM_ASSESSMETADATA_T (ASSESSMENTMETADATAID, ASSESSMENTID, LABEL,
    ENTRY)
    VALUES(NULL, (SELECT ID FROM SAM_ASSESSMENTBASE_T WHERE TITLE='Survey'
     AND TYPEID='142' AND ISTEMPLATE=1),
      'assessmentAuthor_isInstructorEditable', 'true')
;
INSERT INTO SAM_ASSESSMETADATA_T (ASSESSMENTMETADATAID, ASSESSMENTID, LABEL,
    ENTRY)
    VALUES(NULL, (SELECT ID FROM SAM_ASSESSMENTBASE_T WHERE TITLE='Survey'
     AND TYPEID='142' AND ISTEMPLATE=1),
      'passwordRequired_isInstructorEditable', 'false')
;
INSERT INTO SAM_ASSESSMETADATA_T (ASSESSMENTMETADATAID, ASSESSMENTID, LABEL,
    ENTRY)
    VALUES(NULL, (SELECT ID FROM SAM_ASSESSMENTBASE_T WHERE TITLE='Survey'
     AND TYPEID='142' AND ISTEMPLATE=1),
      'author', '')
;
INSERT INTO SAM_ASSESSMETADATA_T (ASSESSMENTMETADATAID, ASSESSMENTID, LABEL,
    ENTRY)
    VALUES(NULL, (SELECT ID FROM SAM_ASSESSMENTBASE_T WHERE TITLE='Survey'
     AND TYPEID='142' AND ISTEMPLATE=1),
      'submissionModel_isInstructorEditable', 'true')
;
INSERT INTO SAM_ASSESSMETADATA_T (ASSESSMENTMETADATAID, ASSESSMENTID, LABEL,
    ENTRY)
    VALUES(NULL, (SELECT ID FROM SAM_ASSESSMENTBASE_T WHERE TITLE='Survey'
     AND TYPEID='142' AND ISTEMPLATE=1),
      'ipAccessType_isInstructorEditable', 'false')
;
INSERT INTO SAM_ASSESSMETADATA_T (ASSESSMENTMETADATAID, ASSESSMENTID, LABEL,
    ENTRY)
    VALUES(NULL, (SELECT ID FROM SAM_ASSESSMENTBASE_T WHERE TITLE='Survey'
     AND TYPEID='142' AND ISTEMPLATE=1),
      'timedAssessment_isInstructorEditable', 'false')
;
INSERT INTO SAM_ASSESSMETADATA_T (ASSESSMENTMETADATAID, ASSESSMENTID, LABEL,
    ENTRY)
    VALUES(NULL, (SELECT ID FROM SAM_ASSESSMENTBASE_T WHERE TITLE='Survey'
     AND TYPEID='142' AND ISTEMPLATE=1),
      'metadataAssess_isInstructorEditable', 'true')
;
INSERT INTO SAM_ASSESSMETADATA_T (ASSESSMENTMETADATAID, ASSESSMENTID, LABEL,
    ENTRY)
    VALUES(NULL, (SELECT ID FROM SAM_ASSESSMENTBASE_T WHERE TITLE='Survey'
     AND TYPEID='142' AND ISTEMPLATE=1),
      'bgColor_isInstructorEditable', 'true')
;
INSERT INTO SAM_ASSESSMETADATA_T (ASSESSMENTMETADATAID, ASSESSMENTID, LABEL,
    ENTRY)
    VALUES(NULL, (SELECT ID FROM SAM_ASSESSMENTBASE_T WHERE TITLE='Survey'
     AND TYPEID='142' AND ISTEMPLATE=1),
      'testeeIdentity_isInstructorEditable', 'true')
;
INSERT INTO SAM_ASSESSMETADATA_T (ASSESSMENTMETADATAID, ASSESSMENTID, LABEL,
    ENTRY)
    VALUES(NULL, (SELECT ID FROM SAM_ASSESSMENTBASE_T WHERE TITLE='Survey'
     AND TYPEID='142' AND ISTEMPLATE=1),
      'templateInfo_isInstructorEditable', 'true')
;
INSERT INTO SAM_ASSESSMETADATA_T (ASSESSMENTMETADATAID, ASSESSMENTID, LABEL,
    ENTRY)
    VALUES(NULL, (SELECT ID FROM SAM_ASSESSMENTBASE_T WHERE TITLE='Survey'
     AND TYPEID='142' AND ISTEMPLATE=1),
      'itemAccessType_isInstructorEditable', 'true')
;
INSERT INTO SAM_ASSESSMETADATA_T (ASSESSMENTMETADATAID, ASSESSMENTID, LABEL,
    ENTRY)
    VALUES(NULL, (SELECT ID FROM SAM_ASSESSMENTBASE_T WHERE TITLE='Survey'
     AND TYPEID='142' AND ISTEMPLATE=1),
      'lateHandling_isInstructorEditable', 'false')
;
INSERT INTO SAM_ASSESSMETADATA_T (ASSESSMENTMETADATAID, ASSESSMENTID, LABEL,
    ENTRY)
    VALUES(NULL, (SELECT ID FROM SAM_ASSESSMENTBASE_T WHERE TITLE='Survey'
     AND TYPEID='142' AND ISTEMPLATE=1),
      'feedbackAuthoring_isInstructorEditable', 'false')
;

INSERT INTO SAM_ASSESSMENTBASE_T (ID ,ISTEMPLATE ,
    PARENTID ,TITLE ,DESCRIPTION ,COMMENTS,
    ASSESSMENTTEMPLATEID, TYPEID, INSTRUCTORNOTIFICATION,
    TESTEENOTIFICATION , MULTIPARTALLOWED, STATUS,
    CREATEDBY, CREATEDDATE, LASTMODIFIEDBY,
    LASTMODIFIEDDATE )
    VALUES (NULL,1 ,0 ,'Test' , 'System Defined Assessment Type', '', NULL
    ,'142' ,1 ,1 ,1 ,1 ,'admin' ,'2006-06-01 12:00:00' ,'admin' ,'2006-06-01 12:00:00'  )
;     

INSERT INTO SAM_ASSESSEVALUATION_T (ASSESSMENTID,
    EVALUATIONCOMPONENTS, SCORINGTYPE, NUMERICMODELID,
    FIXEDTOTALSCORE, GRADEAVAILABLE, ISSTUDENTIDPUBLIC,
    ANONYMOUSGRADING, AUTOSCORING,TOGRADEBOOK)
    VALUES ((SELECT ID FROM SAM_ASSESSMENTBASE_T WHERE TITLE='Test'
     AND TYPEID='142' AND ISTEMPLATE=1),
     '' ,1 ,'' , NULL , NULL , NULL ,1 , NULL ,2  )
;
INSERT INTO SAM_ASSESSFEEDBACK_T (ASSESSMENTID,
    FEEDBACKDELIVERY, FEEDBACKAUTHORING, SHOWQUESTIONTEXT, SHOWSTUDENTRESPONSE,
    SHOWCORRECTRESPONSE, SHOWSTUDENTSCORE, SHOWSTUDENTQUESTIONSCORE,
    SHOWQUESTIONLEVELFEEDBACK, SHOWSELECTIONLEVELFEEDBACK,
    SHOWGRADERCOMMENTS, SHOWSTATISTICS, EDITCOMPONENTS)
    VALUES ((SELECT ID FROM SAM_ASSESSMENTBASE_T WHERE TITLE='Test'
     AND TYPEID='142' AND ISTEMPLATE=1),
      2 ,1, 1 ,1 ,1 ,1 ,1 ,1 ,1 ,1 ,1 ,1  )
;
INSERT INTO SAM_ASSESSACCESSCONTROL_T (ASSESSMENTID,
    SUBMISSIONSALLOWED, SUBMISSIONSSAVED, ASSESSMENTFORMAT,
    BOOKMARKINGITEM, TIMELIMIT, TIMEDASSESSMENT,
    RETRYALLOWED, LATEHANDLING, STARTDATE, DUEDATE,
    SCOREDATE, FEEDBACKDATE, RETRACTDATE, AUTOSUBMIT,
    ITEMNAVIGATION, ITEMNUMBERING, DISPLAYSCORE, SUBMISSIONMESSAGE,
    RELEASETO, PASSWORD, FINALPAGEURL,
    UNLIMITEDSUBMISSIONS)
    VALUES ((SELECT ID FROM SAM_ASSESSMENTBASE_T WHERE TITLE='Test'
     AND TYPEID='142' AND ISTEMPLATE=1),
                      1,1 ,1 , NULL , NULL , NULL , NULL ,2 ,
                      NULL, NULL, NULL, NULL, NULL,
                      1 ,1 ,1 , 1, '' ,'' ,'' ,'' ,
                      0  )
;
INSERT INTO SAM_ASSESSMETADATA_T (ASSESSMENTMETADATAID, ASSESSMENTID, LABEL,
    ENTRY)
    VALUES(NULL, (SELECT ID FROM SAM_ASSESSMENTBASE_T WHERE TITLE='Test'
     AND TYPEID='142' AND ISTEMPLATE=1),
      'finalPageURL_isInstructorEditable', 'true')
;
INSERT INTO SAM_ASSESSMETADATA_T (ASSESSMENTMETADATAID, ASSESSMENTID, LABEL,
    ENTRY)
    VALUES(NULL, (SELECT ID FROM SAM_ASSESSMENTBASE_T WHERE TITLE='Test'
     AND TYPEID='142' AND ISTEMPLATE=1),
     'anonymousRelease_isInstructorEditable', 'false')
;
INSERT INTO SAM_ASSESSMETADATA_T (ASSESSMENTMETADATAID, ASSESSMENTID, LABEL,
    ENTRY)
    VALUES(NULL, (SELECT ID FROM SAM_ASSESSMENTBASE_T WHERE TITLE='Test'
     AND TYPEID='142' AND ISTEMPLATE=1),
      'dueDate_isInstructorEditable', 'true')
;
INSERT INTO SAM_ASSESSMETADATA_T (ASSESSMENTMETADATAID, ASSESSMENTID, LABEL,
    ENTRY)
    VALUES(NULL, (SELECT ID FROM SAM_ASSESSMENTBASE_T WHERE TITLE='Test'
     AND TYPEID='142' AND ISTEMPLATE=1),
      'description_isInstructorEditable', 'true')
;
INSERT INTO SAM_ASSESSMETADATA_T (ASSESSMENTMETADATAID, ASSESSMENTID, LABEL,
    ENTRY)
    VALUES(NULL, (SELECT ID FROM SAM_ASSESSMENTBASE_T WHERE TITLE='Test'
     AND TYPEID='142' AND ISTEMPLATE=1),
      'metadataQuestions_isInstructorEditable', 'true')
;
INSERT INTO SAM_ASSESSMETADATA_T (ASSESSMENTMETADATAID, ASSESSMENTID, LABEL,
    ENTRY)
    VALUES(NULL, (SELECT ID FROM SAM_ASSESSMENTBASE_T WHERE TITLE='Test'
     AND TYPEID='142' AND ISTEMPLATE=1),
     'bgImage_isInstructorEditable', 'true')
;
INSERT INTO SAM_ASSESSMETADATA_T (ASSESSMENTMETADATAID, ASSESSMENTID, LABEL,
    ENTRY)
    VALUES(NULL, (SELECT ID FROM SAM_ASSESSMENTBASE_T WHERE TITLE='Test'
     AND TYPEID='142' AND ISTEMPLATE=1),
      'feedbackComponents_isInstructorEditable', 'true')
;
INSERT INTO SAM_ASSESSMETADATA_T (ASSESSMENTMETADATAID, ASSESSMENTID, LABEL,
    ENTRY)
    VALUES(NULL, (SELECT ID FROM SAM_ASSESSMENTBASE_T WHERE TITLE='Test'
     AND TYPEID='142' AND ISTEMPLATE=1),
      'retractDate_isInstructorEditable', 'true')
;
INSERT INTO SAM_ASSESSMETADATA_T (ASSESSMENTMETADATAID, ASSESSMENTID, LABEL,
    ENTRY)
    VALUES(NULL, (SELECT ID FROM SAM_ASSESSMENTBASE_T WHERE TITLE='Test'
     AND TYPEID='142' AND ISTEMPLATE=1),
      'feedbackType_isInstructorEditable', 'true')
;
INSERT INTO SAM_ASSESSMETADATA_T (ASSESSMENTMETADATAID, ASSESSMENTID, LABEL,
    ENTRY)
    VALUES(NULL, (SELECT ID FROM SAM_ASSESSMENTBASE_T WHERE TITLE='Test'
     AND TYPEID='142' AND ISTEMPLATE=1),
      'timedAssessmentAutoSubmit_isInstructorEditable', 'false')
;
INSERT INTO SAM_ASSESSMETADATA_T (ASSESSMENTMETADATAID, ASSESSMENTID, LABEL,
    ENTRY)
    VALUES(NULL, (SELECT ID FROM SAM_ASSESSMENTBASE_T WHERE TITLE='Test'
     AND TYPEID='142' AND ISTEMPLATE=1),
      'toGradebook_isInstructorEditable', 'true')
;
INSERT INTO SAM_ASSESSMETADATA_T (ASSESSMENTMETADATAID, ASSESSMENTID, LABEL,
    ENTRY)
    VALUES(NULL, (SELECT ID FROM SAM_ASSESSMENTBASE_T WHERE TITLE='Test'
     AND TYPEID='142' AND ISTEMPLATE=1),
      'displayChunking_isInstructorEditable', 'true')
;
INSERT INTO SAM_ASSESSMETADATA_T (ASSESSMENTMETADATAID, ASSESSMENTID, LABEL,
    ENTRY)
    VALUES(NULL, (SELECT ID FROM SAM_ASSESSMENTBASE_T WHERE TITLE='Test'
     AND TYPEID='142' AND ISTEMPLATE=1),
      'recordedScore_isInstructorEditable', 'false')
;
INSERT INTO SAM_ASSESSMETADATA_T (ASSESSMENTMETADATAID, ASSESSMENTID, LABEL,
    ENTRY)
    VALUES(NULL, (SELECT ID FROM SAM_ASSESSMENTBASE_T WHERE TITLE='Test'
     AND TYPEID='142' AND ISTEMPLATE=1),
      'authenticatedRelease_isInstructorEditable', 'false')
;
INSERT INTO SAM_ASSESSMETADATA_T (ASSESSMENTMETADATAID, ASSESSMENTID, LABEL,
    ENTRY)
    VALUES(NULL, (SELECT ID FROM SAM_ASSESSMENTBASE_T WHERE TITLE='Test'
     AND TYPEID='142' AND ISTEMPLATE=1),
      'displayNumbering_isInstructorEditable', 'true')
;
INSERT INTO SAM_ASSESSMETADATA_T (ASSESSMENTMETADATAID, ASSESSMENTID, LABEL,
    ENTRY)
    VALUES(NULL, (SELECT ID FROM SAM_ASSESSMENTBASE_T WHERE TITLE='Test'
     AND TYPEID='142' AND ISTEMPLATE=1),
      'displayScores_isInstructorEditable', 'true')
;
INSERT INTO SAM_ASSESSMETADATA_T (ASSESSMENTMETADATAID, ASSESSMENTID, LABEL,
    ENTRY)
    VALUES(NULL, (SELECT ID FROM SAM_ASSESSMENTBASE_T WHERE TITLE='Test'
     AND TYPEID='142' AND ISTEMPLATE=1),
      'submissionMessage_isInstructorEditable', 'true')
;
INSERT INTO SAM_ASSESSMETADATA_T (ASSESSMENTMETADATAID, ASSESSMENTID, LABEL,
    ENTRY)
    VALUES(NULL, (SELECT ID FROM SAM_ASSESSMENTBASE_T WHERE TITLE='Test'
     AND TYPEID='142' AND ISTEMPLATE=1),
      'releaseDate_isInstructorEditable', 'true')
;
INSERT INTO SAM_ASSESSMETADATA_T (ASSESSMENTMETADATAID, ASSESSMENTID, LABEL,
    ENTRY)
    VALUES(NULL, (SELECT ID FROM SAM_ASSESSMENTBASE_T WHERE TITLE='Test'
     AND TYPEID='142' AND ISTEMPLATE=1),
      'assessmentAuthor_isInstructorEditable', 'true')
;
INSERT INTO SAM_ASSESSMETADATA_T (ASSESSMENTMETADATAID, ASSESSMENTID, LABEL,
    ENTRY)
    VALUES(NULL, (SELECT ID FROM SAM_ASSESSMENTBASE_T WHERE TITLE='Test'
     AND TYPEID='142' AND ISTEMPLATE=1),
      'passwordRequired_isInstructorEditable', 'true')
;
INSERT INTO SAM_ASSESSMETADATA_T (ASSESSMENTMETADATAID, ASSESSMENTID, LABEL,
    ENTRY)
    VALUES(NULL, (SELECT ID FROM SAM_ASSESSMENTBASE_T WHERE TITLE='Test'
     AND TYPEID='142' AND ISTEMPLATE=1),
      'author', '')
;
INSERT INTO SAM_ASSESSMETADATA_T (ASSESSMENTMETADATAID, ASSESSMENTID, LABEL,
    ENTRY)
    VALUES(NULL, (SELECT ID FROM SAM_ASSESSMENTBASE_T WHERE TITLE='Test'
     AND TYPEID='142' AND ISTEMPLATE=1),
      'submissionModel_isInstructorEditable', 'true')
;
INSERT INTO SAM_ASSESSMETADATA_T (ASSESSMENTMETADATAID, ASSESSMENTID, LABEL,
    ENTRY)
    VALUES(NULL, (SELECT ID FROM SAM_ASSESSMENTBASE_T WHERE TITLE='Test'
     AND TYPEID='142' AND ISTEMPLATE=1),
      'ipAccessType_isInstructorEditable', 'false')
;
INSERT INTO SAM_ASSESSMETADATA_T (ASSESSMENTMETADATAID, ASSESSMENTID, LABEL,
    ENTRY)
    VALUES(NULL, (SELECT ID FROM SAM_ASSESSMENTBASE_T WHERE TITLE='Test'
     AND TYPEID='142' AND ISTEMPLATE=1),
      'timedAssessment_isInstructorEditable', 'false')
;
INSERT INTO SAM_ASSESSMETADATA_T (ASSESSMENTMETADATAID, ASSESSMENTID, LABEL,
    ENTRY)
    VALUES(NULL, (SELECT ID FROM SAM_ASSESSMENTBASE_T WHERE TITLE='Test'
     AND TYPEID='142' AND ISTEMPLATE=1),
      'metadataAssess_isInstructorEditable', 'true')
;
INSERT INTO SAM_ASSESSMETADATA_T (ASSESSMENTMETADATAID, ASSESSMENTID, LABEL,
    ENTRY)
    VALUES(NULL, (SELECT ID FROM SAM_ASSESSMENTBASE_T WHERE TITLE='Test'
     AND TYPEID='142' AND ISTEMPLATE=1),
      'bgColor_isInstructorEditable', 'true')
;
INSERT INTO SAM_ASSESSMETADATA_T (ASSESSMENTMETADATAID, ASSESSMENTID, LABEL,
    ENTRY)
    VALUES(NULL, (SELECT ID FROM SAM_ASSESSMENTBASE_T WHERE TITLE='Test'
     AND TYPEID='142' AND ISTEMPLATE=1),
      'testeeIdentity_isInstructorEditable', 'true')
;
INSERT INTO SAM_ASSESSMETADATA_T (ASSESSMENTMETADATAID, ASSESSMENTID, LABEL,
    ENTRY)
    VALUES(NULL, (SELECT ID FROM SAM_ASSESSMENTBASE_T WHERE TITLE='Test'
     AND TYPEID='142' AND ISTEMPLATE=1),
      'templateInfo_isInstructorEditable', 'true')
;
INSERT INTO SAM_ASSESSMETADATA_T (ASSESSMENTMETADATAID, ASSESSMENTID, LABEL,
    ENTRY)
    VALUES(NULL, (SELECT ID FROM SAM_ASSESSMENTBASE_T WHERE TITLE='Test'
     AND TYPEID='142' AND ISTEMPLATE=1),
      'itemAccessType_isInstructorEditable', 'true')
;
INSERT INTO SAM_ASSESSMETADATA_T (ASSESSMENTMETADATAID, ASSESSMENTID, LABEL,
    ENTRY)
    VALUES(NULL, (SELECT ID FROM SAM_ASSESSMENTBASE_T WHERE TITLE='Test'
     AND TYPEID='142' AND ISTEMPLATE=1),
      'lateHandling_isInstructorEditable', 'true')
;
INSERT INTO SAM_ASSESSMETADATA_T (ASSESSMENTMETADATAID, ASSESSMENTID, LABEL,
    ENTRY)
    VALUES(NULL, (SELECT ID FROM SAM_ASSESSMENTBASE_T WHERE TITLE='Test'
     AND TYPEID='142' AND ISTEMPLATE=1),
      'feedbackAuthoring_isInstructorEditable', 'true')
;


INSERT INTO SAM_ASSESSMENTBASE_T (ID ,ISTEMPLATE ,
    PARENTID ,TITLE ,DESCRIPTION ,COMMENTS,
    ASSESSMENTTEMPLATEID, TYPEID, INSTRUCTORNOTIFICATION,
    TESTEENOTIFICATION , MULTIPARTALLOWED, STATUS,
    CREATEDBY, CREATEDDATE, LASTMODIFIEDBY,
    LASTMODIFIEDDATE )
    VALUES (NULL,1 ,0 ,'Timed Test' , 'System Defined Assessment Type', '', NULL
    ,'142' ,1 ,1 ,1 ,1 ,'admin' ,'2006-06-01 12:00:00' ,'admin' ,'2006-06-01 12:00:00'  )
;     

INSERT INTO SAM_ASSESSEVALUATION_T (ASSESSMENTID,
    EVALUATIONCOMPONENTS, SCORINGTYPE, NUMERICMODELID,
    FIXEDTOTALSCORE, GRADEAVAILABLE, ISSTUDENTIDPUBLIC,
    ANONYMOUSGRADING, AUTOSCORING,TOGRADEBOOK)
    VALUES ((SELECT ID FROM SAM_ASSESSMENTBASE_T WHERE TITLE='Timed Test'
     AND TYPEID='142' AND ISTEMPLATE=1),
     '' ,1 ,'' , NULL , NULL , NULL ,1 , NULL ,2  )
;
INSERT INTO SAM_ASSESSFEEDBACK_T (ASSESSMENTID,
    FEEDBACKDELIVERY, FEEDBACKAUTHORING, SHOWQUESTIONTEXT, SHOWSTUDENTRESPONSE,
    SHOWCORRECTRESPONSE, SHOWSTUDENTSCORE, SHOWSTUDENTQUESTIONSCORE,
    SHOWQUESTIONLEVELFEEDBACK, SHOWSELECTIONLEVELFEEDBACK,
    SHOWGRADERCOMMENTS, SHOWSTATISTICS, EDITCOMPONENTS)
    VALUES ((SELECT ID FROM SAM_ASSESSMENTBASE_T WHERE TITLE='Timed Test'
     AND TYPEID='142' AND ISTEMPLATE=1),
      2 ,1, 1 ,1 ,1 ,1 ,1 ,1 ,1 ,1 ,1 ,1  )
;
INSERT INTO SAM_ASSESSACCESSCONTROL_T (ASSESSMENTID,
    SUBMISSIONSALLOWED, SUBMISSIONSSAVED, ASSESSMENTFORMAT,
    BOOKMARKINGITEM, TIMELIMIT, TIMEDASSESSMENT,
    RETRYALLOWED, LATEHANDLING, STARTDATE, DUEDATE,
    SCOREDATE, FEEDBACKDATE, RETRACTDATE, AUTOSUBMIT,
    ITEMNAVIGATION, ITEMNUMBERING, DISPLAYSCORE, SUBMISSIONMESSAGE,
    RELEASETO, PASSWORD, FINALPAGEURL,
    UNLIMITEDSUBMISSIONS)
    VALUES ((SELECT ID FROM SAM_ASSESSMENTBASE_T WHERE TITLE='Timed Test'
     AND TYPEID='142' AND ISTEMPLATE=1),
                      1,1 ,1 , NULL , NULL , NULL , NULL ,2 ,
                      NULL, NULL, NULL, NULL, NULL,
                      1 ,1 ,1 , 1, '' ,'' ,'' ,'' ,
                      0  )
;
INSERT INTO SAM_ASSESSMETADATA_T (ASSESSMENTMETADATAID, ASSESSMENTID, LABEL,
    ENTRY)
    VALUES(NULL, (SELECT ID FROM SAM_ASSESSMENTBASE_T WHERE TITLE='Timed Test'
     AND TYPEID='142' AND ISTEMPLATE=1),
      'finalPageURL_isInstructorEditable', 'true')
;
INSERT INTO SAM_ASSESSMETADATA_T (ASSESSMENTMETADATAID, ASSESSMENTID, LABEL,
    ENTRY)
    VALUES(NULL, (SELECT ID FROM SAM_ASSESSMENTBASE_T WHERE TITLE='Timed Test'
     AND TYPEID='142' AND ISTEMPLATE=1),
     'anonymousRelease_isInstructorEditable', 'false')
;
INSERT INTO SAM_ASSESSMETADATA_T (ASSESSMENTMETADATAID, ASSESSMENTID, LABEL,
    ENTRY)
    VALUES(NULL, (SELECT ID FROM SAM_ASSESSMENTBASE_T WHERE TITLE='Timed Test'
     AND TYPEID='142' AND ISTEMPLATE=1),
      'dueDate_isInstructorEditable', 'true')
;
INSERT INTO SAM_ASSESSMETADATA_T (ASSESSMENTMETADATAID, ASSESSMENTID, LABEL,
    ENTRY)
    VALUES(NULL, (SELECT ID FROM SAM_ASSESSMENTBASE_T WHERE TITLE='Timed Test'
     AND TYPEID='142' AND ISTEMPLATE=1),
      'description_isInstructorEditable', 'true')
;
INSERT INTO SAM_ASSESSMETADATA_T (ASSESSMENTMETADATAID, ASSESSMENTID, LABEL,
    ENTRY)
    VALUES(NULL, (SELECT ID FROM SAM_ASSESSMENTBASE_T WHERE TITLE='Timed Test'
     AND TYPEID='142' AND ISTEMPLATE=1),
      'metadataQuestions_isInstructorEditable', 'true')
;
INSERT INTO SAM_ASSESSMETADATA_T (ASSESSMENTMETADATAID, ASSESSMENTID, LABEL,
    ENTRY)
    VALUES(NULL, (SELECT ID FROM SAM_ASSESSMENTBASE_T WHERE TITLE='Timed Test'
     AND TYPEID='142' AND ISTEMPLATE=1),
     'bgImage_isInstructorEditable', 'true')
;
INSERT INTO SAM_ASSESSMETADATA_T (ASSESSMENTMETADATAID, ASSESSMENTID, LABEL,
    ENTRY)
    VALUES(NULL, (SELECT ID FROM SAM_ASSESSMENTBASE_T WHERE TITLE='Timed Test'
     AND TYPEID='142' AND ISTEMPLATE=1),
      'feedbackComponents_isInstructorEditable', 'true')
;
INSERT INTO SAM_ASSESSMETADATA_T (ASSESSMENTMETADATAID, ASSESSMENTID, LABEL,
    ENTRY)
    VALUES(NULL, (SELECT ID FROM SAM_ASSESSMENTBASE_T WHERE TITLE='Timed Test'
     AND TYPEID='142' AND ISTEMPLATE=1),
      'retractDate_isInstructorEditable', 'true')
;
INSERT INTO SAM_ASSESSMETADATA_T (ASSESSMENTMETADATAID, ASSESSMENTID, LABEL,
    ENTRY)
    VALUES(NULL, (SELECT ID FROM SAM_ASSESSMENTBASE_T WHERE TITLE='Timed Test'
     AND TYPEID='142' AND ISTEMPLATE=1),
      'feedbackType_isInstructorEditable', 'true')
;
INSERT INTO SAM_ASSESSMETADATA_T (ASSESSMENTMETADATAID, ASSESSMENTID, LABEL,
    ENTRY)
    VALUES(NULL, (SELECT ID FROM SAM_ASSESSMENTBASE_T WHERE TITLE='Timed Test'
     AND TYPEID='142' AND ISTEMPLATE=1),
      'timedAssessmentAutoSubmit_isInstructorEditable', 'true')
;
INSERT INTO SAM_ASSESSMETADATA_T (ASSESSMENTMETADATAID, ASSESSMENTID, LABEL,
    ENTRY)
    VALUES(NULL, (SELECT ID FROM SAM_ASSESSMENTBASE_T WHERE TITLE='Timed Test'
     AND TYPEID='142' AND ISTEMPLATE=1),
      'toGradebook_isInstructorEditable', 'true')
;
INSERT INTO SAM_ASSESSMETADATA_T (ASSESSMENTMETADATAID, ASSESSMENTID, LABEL,
    ENTRY)
    VALUES(NULL, (SELECT ID FROM SAM_ASSESSMENTBASE_T WHERE TITLE='Timed Test'
     AND TYPEID='142' AND ISTEMPLATE=1),
      'displayChunking_isInstructorEditable', 'true')
;
INSERT INTO SAM_ASSESSMETADATA_T (ASSESSMENTMETADATAID, ASSESSMENTID, LABEL,
    ENTRY)
    VALUES(NULL, (SELECT ID FROM SAM_ASSESSMENTBASE_T WHERE TITLE='Timed Test'
     AND TYPEID='142' AND ISTEMPLATE=1),
      'recordedScore_isInstructorEditable', 'false')
;
INSERT INTO SAM_ASSESSMETADATA_T (ASSESSMENTMETADATAID, ASSESSMENTID, LABEL,
    ENTRY)
    VALUES(NULL, (SELECT ID FROM SAM_ASSESSMENTBASE_T WHERE TITLE='Timed Test'
     AND TYPEID='142' AND ISTEMPLATE=1),
      'authenticatedRelease_isInstructorEditable', 'false')
;
INSERT INTO SAM_ASSESSMETADATA_T (ASSESSMENTMETADATAID, ASSESSMENTID, LABEL,
    ENTRY)
    VALUES(NULL, (SELECT ID FROM SAM_ASSESSMENTBASE_T WHERE TITLE='Timed Test'
     AND TYPEID='142' AND ISTEMPLATE=1),
      'displayNumbering_isInstructorEditable', 'true')
;
INSERT INTO SAM_ASSESSMETADATA_T (ASSESSMENTMETADATAID, ASSESSMENTID, LABEL,
    ENTRY)
    VALUES(NULL, (SELECT ID FROM SAM_ASSESSMENTBASE_T WHERE TITLE='Timed Test'
     AND TYPEID='142' AND ISTEMPLATE=1),
      'displayScores_isInstructorEditable', 'true')
;
INSERT INTO SAM_ASSESSMETADATA_T (ASSESSMENTMETADATAID, ASSESSMENTID, LABEL,
    ENTRY)
    VALUES(NULL, (SELECT ID FROM SAM_ASSESSMENTBASE_T WHERE TITLE='Timed Test'
     AND TYPEID='142' AND ISTEMPLATE=1),
      'submissionMessage_isInstructorEditable', 'true')
;
INSERT INTO SAM_ASSESSMETADATA_T (ASSESSMENTMETADATAID, ASSESSMENTID, LABEL,
    ENTRY)
    VALUES(NULL, (SELECT ID FROM SAM_ASSESSMENTBASE_T WHERE TITLE='Timed Test'
     AND TYPEID='142' AND ISTEMPLATE=1),
      'releaseDate_isInstructorEditable', 'true')
;
INSERT INTO SAM_ASSESSMETADATA_T (ASSESSMENTMETADATAID, ASSESSMENTID, LABEL,
    ENTRY)
    VALUES(NULL, (SELECT ID FROM SAM_ASSESSMENTBASE_T WHERE TITLE='Timed Test'
     AND TYPEID='142' AND ISTEMPLATE=1),
      'assessmentAuthor_isInstructorEditable', 'true')
;
INSERT INTO SAM_ASSESSMETADATA_T (ASSESSMENTMETADATAID, ASSESSMENTID, LABEL,
    ENTRY)
    VALUES(NULL, (SELECT ID FROM SAM_ASSESSMENTBASE_T WHERE TITLE='Timed Test'
     AND TYPEID='142' AND ISTEMPLATE=1),
      'passwordRequired_isInstructorEditable', 'true')
;
INSERT INTO SAM_ASSESSMETADATA_T (ASSESSMENTMETADATAID, ASSESSMENTID, LABEL,
    ENTRY)
    VALUES(NULL, (SELECT ID FROM SAM_ASSESSMENTBASE_T WHERE TITLE='Timed Test'
     AND TYPEID='142' AND ISTEMPLATE=1),
      'author', '')
;
INSERT INTO SAM_ASSESSMETADATA_T (ASSESSMENTMETADATAID, ASSESSMENTID, LABEL,
    ENTRY)
    VALUES(NULL, (SELECT ID FROM SAM_ASSESSMENTBASE_T WHERE TITLE='Timed Test'
     AND TYPEID='142' AND ISTEMPLATE=1),
      'submissionModel_isInstructorEditable', 'true')
;
INSERT INTO SAM_ASSESSMETADATA_T (ASSESSMENTMETADATAID, ASSESSMENTID, LABEL,
    ENTRY)
    VALUES(NULL, (SELECT ID FROM SAM_ASSESSMENTBASE_T WHERE TITLE='Timed Test'
     AND TYPEID='142' AND ISTEMPLATE=1),
      'ipAccessType_isInstructorEditable', 'false')
;
INSERT INTO SAM_ASSESSMETADATA_T (ASSESSMENTMETADATAID, ASSESSMENTID, LABEL,
    ENTRY)
    VALUES(NULL, (SELECT ID FROM SAM_ASSESSMENTBASE_T WHERE TITLE='Timed Test'
     AND TYPEID='142' AND ISTEMPLATE=1),
      'timedAssessment_isInstructorEditable', 'true')
;
INSERT INTO SAM_ASSESSMETADATA_T (ASSESSMENTMETADATAID, ASSESSMENTID, LABEL,
    ENTRY)
    VALUES(NULL, (SELECT ID FROM SAM_ASSESSMENTBASE_T WHERE TITLE='Timed Test'
     AND TYPEID='142' AND ISTEMPLATE=1),
      'metadataAssess_isInstructorEditable', 'true')
;
INSERT INTO SAM_ASSESSMETADATA_T (ASSESSMENTMETADATAID, ASSESSMENTID, LABEL,
    ENTRY)
    VALUES(NULL, (SELECT ID FROM SAM_ASSESSMENTBASE_T WHERE TITLE='Timed Test'
     AND TYPEID='142' AND ISTEMPLATE=1),
      'bgColor_isInstructorEditable', 'true')
;
INSERT INTO SAM_ASSESSMETADATA_T (ASSESSMENTMETADATAID, ASSESSMENTID, LABEL,
    ENTRY)
    VALUES(NULL, (SELECT ID FROM SAM_ASSESSMENTBASE_T WHERE TITLE='Timed Test'
     AND TYPEID='142' AND ISTEMPLATE=1),
      'testeeIdentity_isInstructorEditable', 'true')
;
INSERT INTO SAM_ASSESSMETADATA_T (ASSESSMENTMETADATAID, ASSESSMENTID, LABEL,
    ENTRY)
    VALUES(NULL, (SELECT ID FROM SAM_ASSESSMENTBASE_T WHERE TITLE='Timed Test'
     AND TYPEID='142' AND ISTEMPLATE=1),
      'templateInfo_isInstructorEditable', 'true')
;
INSERT INTO SAM_ASSESSMETADATA_T (ASSESSMENTMETADATAID, ASSESSMENTID, LABEL,
    ENTRY)
    VALUES(NULL, (SELECT ID FROM SAM_ASSESSMENTBASE_T WHERE TITLE='Timed Test'
     AND TYPEID='142' AND ISTEMPLATE=1),
      'itemAccessType_isInstructorEditable', 'true')
;
INSERT INTO SAM_ASSESSMETADATA_T (ASSESSMENTMETADATAID, ASSESSMENTID, LABEL,
    ENTRY)
    VALUES(NULL, (SELECT ID FROM SAM_ASSESSMENTBASE_T WHERE TITLE='Timed Test'
     AND TYPEID='142' AND ISTEMPLATE=1),
      'lateHandling_isInstructorEditable', 'true')
;
INSERT INTO SAM_ASSESSMETADATA_T (ASSESSMENTMETADATAID, ASSESSMENTID, LABEL,
    ENTRY)
    VALUES(NULL, (SELECT ID FROM SAM_ASSESSMENTBASE_T WHERE TITLE='Timed Test'
     AND TYPEID='142' AND ISTEMPLATE=1),
      'feedbackAuthoring_isInstructorEditable', 'true')
;

















