<?xml version="1.0" encoding="UTF-8"?>
<manifest identifier="man00001"><organizations default="toc00001"><tableofcontents identifier="toc00001"><item identifier="itm00002" title="Course Information"><item identifier="itm00001" identifierref="res00002" title="What do you think of the course?"/></item><item identifier="itm00004" title="Course Documents"><item identifier="itm00003" identifierref="res00004" title="Field Trips"><item identifier="itm00005" identifierref="res00005" title="Field Trip to Paris France"><item identifier="itm00006" identifierref="res00006" title="Course Documents"/></item><item identifier="itm00007" identifierref="res00007" title="How to find your way around."/></item><item identifier="itm00008" identifierref="res00008" title="Course Documents"/><item identifier="itm00009" identifierref="res00009" title="Lesson"><item identifier="itm00010" identifierref="res00010" title="Some random file"/><item identifier="itm00011" identifierref="res00011" title="Demonstration"/></item></item><item identifier="itm00013" title="Assignments"><item identifier="itm00012" identifierref="res00012" title="Midterm"/><item identifier="itm00014" identifierref="res00014" title="Papers"/></item><item identifier="itm00016" title="Books"><item identifier="itm00015" identifierref="res00015" title="Recommended reading"/></item><item identifier="itm00018" title="Staff Information"><item identifier="itm00017" identifierref="res00019" title="Teachers&apos; Assistants"><item identifier="itm00019" identifierref="res00020" title="Bunny, Bugs"/><item identifier="itm00020" identifierref="res00021" title="Mouse, Minnie"/></item><item identifier="itm00021" identifierref="res00022" title="Thomas, Zach"/></item><item identifier="itm00023" title="External Links"><item identifier="itm00022" identifierref="res00023" title="External Links"/><item identifier="itm00024" identifierref="res00024" title="Slashdot"/></item></tableofcontents></organizations><resources><resource baseurl="res00016" file="res00016.dat" identifier="res00016" type="resource/x-bb-announcement"/><resource baseurl="res00017" file="res00017.dat" identifier="res00017" type="resource/x-bb-announcement"/><resource baseurl="res00018" file="res00018.dat" identifier="res00018" type="resource/x-bb-announcement"/><resource baseurl="res00013" file="res00013.dat" identifier="res00013" type="assessment/x-bb-quiz"/><resource baseurl="res00003" file="res00003.dat" identifier="res00003" type="assessment/x-bb-survey"/><resource baseurl="res00025" file="res00025.dat" identifier="res00025" type="assessment/x-bb-pool"><file href="3/imagea73a27cc282f11d8.jpg"/></resource><resource baseurl="res00026" file="res00026.dat" identifier="res00026" type="course/x-bb-user"/><resource baseurl="res00027" file="res00027.dat" identifier="res00027" type="resource/x-bb-discussionboard"><file href="4/sakai_tool.pdf"/></resource><resource baseurl="res00001" file="res00001.dat" identifier="res00001" type="course/x-bb-coursesetting"><file href="Image-AC5DA78C956311D7.jpg-thumb_273_205.jpg"/></resource><resource baseurl="res00002" file="res00002.dat" identifier="res00002" type="resource/x-bb-document"/><resource baseurl="res00004" file="res00004.dat" identifier="res00004" type="resource/x-bb-document"/><resource baseurl="res00005" file="res00005.dat" identifier="res00005" type="resource/x-bb-document"/><resource baseurl="res00006" file="res00006.dat" identifier="res00006" type="resource/x-bb-document"><file href="2nd_birthday_graham.jpg"/></resource><resource baseurl="res00007" file="res00007.dat" identifier="res00007" type="resource/x-bb-document"><file href="sakai_charon.pdf"/></resource><resource baseurl="res00008" file="res00008.dat" identifier="res00008" type="resource/x-bb-document"/><resource baseurl="res00009" file="res00009.dat" identifier="res00009" type="resource/x-bb-document"/><resource baseurl="res00010" file="res00010.dat" identifier="res00010" type="resource/x-bb-document"><file href="auth0.1.jar"/></resource><resource baseurl="res00011" file="res00011.dat" identifier="res00011" type="resource/x-bb-document"><file href="all.sql"/></resource><resource baseurl="res00012" file="res00012.dat" identifier="res00012" type="resource/x-bb-document"/><resource baseurl="res00014" file="res00014.dat" identifier="res00014" type="resource/x-bb-document"/><resource baseurl="res00015" file="res00015.dat" identifier="res00015" type="resource/x-bb-document"/><resource baseurl="res00019" file="res00019.dat" identifier="res00019" type="resource/x-bb-staffinfo"/><resource baseurl="res00020" file="res00020.dat" identifier="res00020" type="resource/x-bb-staffinfo"><file href="imageac5da78c956311d7.jpgthumb_273_205.jpg"/></resource><resource baseurl="res00021" file="res00021.dat" identifier="res00021" type="resource/x-bb-staffinfo"><file href="imagea73ad492282f11d8.jpg"/></resource><resource baseurl="res00022" file="res00022.dat" identifier="res00022" type="resource/x-bb-staffinfo"/><resource baseurl="res00023" file="res00023.dat" identifier="res00023" type="resource/x-bb-externallink"/><resource baseurl="res00024" file="res00024.dat" identifier="res00024" type="resource/x-bb-externallink"/></resources></manifest>
